Timestamp,Temperature,Humidity,SquareFootage,Occupancy,HVACUsage,LightingUsage,RenewableEnergy,DayOfWeek,Holiday,EnergyConsumption
1/1/2022 0:00,25.13943344,43.4315812,1565.693999,5,On,Off,2.774698792,Monday,No,75.3643734
1/1/2022 1:00,27.73165052,54.22591858,1411.064918,1,On,On,21.83138415,Saturday,No,83.40185495
1/1/2022 2:00,28.70427686,58.90765774,1755.715009,2,Off,Off,6.764671682,Sunday,No,78.27088774
1/1/2022 3:00,20.08046949,50.37163715,1452.316318,1,Off,On,8.623446893,Wednesday,No,56.51985049
1/1/2022 4:00,23.09735926,51.40142134,1094.130359,9,On,Off,3.071969216,Friday,No,70.81173247
1/1/2022 5:00,29.57603739,36.82426323,1871.70918,6,Off,Off,17.62668982,Sunday,Yes,84.32188519
1/1/2022 6:00,25.13116712,35.70962155,1607.001228,6,On,Off,24.26470233,Friday,Yes,76.1657909
1/1/2022 7:00,23.18284425,31.67991978,1633.95533,8,Off,Off,27.51709925,Thursday,Yes,74.13190618
1/1/2022 8:00,25.39199937,46.39936405,1240.309224,6,On,Off,2.307595469,Sunday,No,78.20623587
1/1/2022 9:00,22.21254942,32.41846388,1705.420336,1,On,Off,29.14007098,Tuesday,No,77.9922137
1/1/2022 10:00,28.06481358,36.45147179,1341.467129,2,Off,Off,0.352238397,Monday,Yes,82.27443448
1/1/2022 11:00,23.42254626,30.52734216,1604.418355,6,On,On,19.52954815,Thursday,Yes,73.2786695
1/1/2022 12:00,25.38888849,47.60101803,1244.618914,1,On,Off,21.7974436,Tuesday,Yes,84.14477566
1/1/2022 13:00,20.05873786,41.86164159,1806.052632,2,Off,Off,6.384949152,Friday,Yes,60.02251856
1/1/2022 14:00,26.73152478,37.29787045,1419.749014,6,Off,Off,12.07422314,Friday,Yes,81.18318756
1/1/2022 15:00,22.10024262,56.09917872,1144.806295,8,Off,On,10.90077003,Sunday,No,74.08125629
1/1/2022 16:00,29.32557593,56.95417357,1620.861781,0,On,On,15.45399947,Friday,No,89.49820766
1/1/2022 17:00,23.74244749,42.24584548,1413.595107,1,On,Off,3.940678288,Sunday,Yes,72.87244264
1/1/2022 18:00,27.52418922,47.17242968,1832.199779,9,On,Off,19.68895831,Thursday,No,83.8998966
1/1/2022 19:00,27.63139002,36.14029374,1251.553721,4,On,On,8.848082816,Wednesday,Yes,82.0775794
1/1/2022 20:00,28.70499455,59.93189479,1211.261802,9,On,On,11.70397774,Friday,Yes,94.23628773
1/1/2022 21:00,21.10111178,30.41800645,1677.105261,3,Off,Off,14.51720371,Sunday,Yes,59.67238043
1/1/2022 22:00,23.0009198,43.63838293,1228.322377,1,Off,Off,4.302844586,Saturday,No,70.23522762
1/1/2022 23:00,24.74905766,57.21684865,1253.70886,6,On,On,0.660337546,Tuesday,No,78.39420777
1/2/2022 0:00,26.72936719,46.19408777,1533.887523,8,On,Off,18.58103401,Wednesday,No,87.84164466
1/2/2022 1:00,22.57592433,57.74957192,1040.206215,8,Off,On,8.906945509,Tuesday,Yes,72.92984426
1/2/2022 2:00,27.0115132,52.63757188,1701.255341,9,On,On,24.05135508,Thursday,No,86.66909405
1/2/2022 3:00,26.57000059,43.33031196,1126.062798,7,Off,On,2.943403432,Thursday,No,80.41142776
1/2/2022 4:00,21.82007758,56.85518813,1289.616033,3,Off,On,25.51377464,Tuesday,Yes,64.212098
1/2/2022 5:00,23.22062993,46.07387943,1649.510353,2,Off,On,18.27052819,Tuesday,No,74.16033755
1/2/2022 6:00,28.87537457,31.80313045,1887.201723,5,On,On,24.46883621,Tuesday,Yes,81.04958057
1/2/2022 7:00,20.83349161,51.14700702,1096.703128,1,On,Off,21.86510035,Saturday,No,70.30817193
1/2/2022 8:00,27.4656412,34.94099104,1491.287949,9,On,Off,4.645738606,Thursday,No,82.28439185
1/2/2022 9:00,20.62350049,50.14503354,1036.462317,6,Off,On,0.372201265,Saturday,No,59.84739269
1/2/2022 10:00,27.31481127,42.93605505,1876.510299,4,On,Off,1.181331141,Tuesday,Yes,82.50403686
1/2/2022 11:00,27.42511355,32.39478807,1155.2301,9,On,Off,8.166146957,Monday,Yes,82.78244589
1/2/2022 12:00,24.07915813,54.09504887,1850.322023,7,Off,Off,21.06081426,Tuesday,Yes,74.67411328
1/2/2022 13:00,29.91382999,53.34075279,1924.186121,0,On,Off,25.84805423,Thursday,No,86.88913818
1/2/2022 14:00,24.52137299,42.27647349,1654.929977,7,On,Off,1.647172332,Saturday,Yes,78.54242642
1/2/2022 15:00,21.89878543,48.63351463,1958.963536,4,On,On,20.21773266,Monday,Yes,77.22845716
1/2/2022 16:00,23.51626472,52.37155796,1517.168541,7,On,Off,8.270639173,Saturday,Yes,73.73515146
1/2/2022 17:00,27.14811666,43.12086624,1296.581807,8,On,Off,16.99702392,Saturday,Yes,91.84340825
1/2/2022 18:00,23.57435363,52.8516642,1491.880065,2,Off,Off,24.46090952,Thursday,No,73.35070513
1/2/2022 19:00,20.51618554,40.91849971,1114.230124,8,Off,On,20.48909779,Monday,Yes,66.20209751
1/2/2022 20:00,23.15919004,33.08814922,1183.493606,6,Off,On,15.65479222,Friday,Yes,77.85177635
1/2/2022 21:00,29.98804612,51.19663001,1516.752703,2,On,Off,16.10496033,Monday,No,90.9814761
1/2/2022 22:00,22.87904857,30.35776229,1162.659354,7,On,On,13.39053893,Monday,Yes,81.91707933
1/2/2022 23:00,24.61795871,49.04122555,1666.043647,6,Off,On,21.60015474,Tuesday,Yes,70.22461754
1/3/2022 0:00,27.35268111,36.25924919,1024.998986,6,Off,On,22.17502218,Saturday,No,88.73376918
1/3/2022 1:00,29.43678951,48.84844941,1234.085368,2,Off,Off,6.662874484,Thursday,Yes,76.55502513
1/3/2022 2:00,21.75402643,45.53864309,1514.827037,4,Off,Off,9.846127122,Tuesday,No,62.05505494
1/3/2022 3:00,22.12421376,47.34391566,1919.119996,6,Off,Off,5.352018638,Friday,No,62.00189386
1/3/2022 4:00,21.32477613,33.61505671,1857.268369,9,On,On,13.52386674,Tuesday,Yes,80.45212742
1/3/2022 5:00,22.08681192,43.83891693,1325.600204,5,Off,Off,12.27482035,Monday,No,64.71822006
1/3/2022 6:00,29.95687945,56.7888056,1864.732366,8,On,Off,4.938737937,Friday,Yes,91.87196451
1/3/2022 7:00,22.46645832,45.22840942,1902.803824,6,Off,On,0.577030443,Saturday,No,69.69226303
1/3/2022 8:00,21.10053159,52.70577939,1896.816079,7,Off,Off,25.00768208,Tuesday,No,63.85097613
1/3/2022 9:00,25.02320238,43.58649903,1434.526311,1,Off,Off,2.175137663,Thursday,Yes,68.80528578
1/3/2022 10:00,24.56121815,37.03931989,1689.455455,3,Off,Off,21.33171234,Thursday,Yes,76.30130929
1/3/2022 11:00,27.34490229,33.68329829,1187.613733,2,Off,On,17.66395348,Saturday,No,84.03868416
1/3/2022 12:00,26.20943541,40.77160428,1038.67672,1,Off,Off,14.77971445,Monday,No,77.67379217
1/3/2022 13:00,26.21070227,42.08418296,1098.799328,7,Off,Off,1.554091826,Sunday,Yes,78.91225016
1/3/2022 14:00,21.50172634,43.35331519,1546.508246,9,Off,Off,20.7559032,Tuesday,Yes,64.04242488
1/3/2022 15:00,25.38274546,51.90269995,1350.756585,0,Off,Off,27.74804387,Tuesday,No,78.1872813
1/3/2022 16:00,21.20347244,49.61036981,1529.657115,7,Off,On,17.18733145,Tuesday,No,63.39384819
1/3/2022 17:00,21.53025522,42.01688339,1660.535267,8,On,Off,7.675986827,Sunday,No,76.1061781
1/3/2022 18:00,24.50178557,48.58331043,1631.634714,9,Off,Off,24.69638787,Monday,Yes,60.14423798
1/3/2022 19:00,24.29072347,36.98773403,1847.395629,6,On,Off,10.95515496,Thursday,No,80.19264551
1/3/2022 20:00,27.33662081,50.87667729,1143.105177,7,On,On,27.62248446,Wednesday,Yes,86.22364507
1/3/2022 21:00,20.7357155,48.50663624,1836.542651,4,Off,On,9.295439072,Friday,No,53.26327834
1/3/2022 22:00,22.7878583,43.95104865,1134.002616,6,Off,Off,20.36258261,Monday,Yes,64.96318367
1/3/2022 23:00,21.65293775,56.13704538,1140.60155,8,Off,On,19.51286205,Tuesday,No,66.43892065
1/4/2022 0:00,25.08088138,59.67153433,1897.702224,8,Off,Off,14.39179975,Friday,No,75.91390632
1/4/2022 1:00,25.79251153,33.89221588,1849.829581,7,On,Off,25.87596948,Wednesday,Yes,84.19146741
1/4/2022 2:00,26.38607928,43.29577762,1851.597741,5,On,Off,17.47196483,Sunday,Yes,75.25176382
1/4/2022 3:00,22.14025704,49.42487794,1037.206885,7,Off,On,3.32990754,Tuesday,Yes,75.01447098
1/4/2022 4:00,24.17577648,41.80015037,1198.625224,6,Off,Off,18.4706241,Sunday,No,69.36574478
1/4/2022 5:00,24.66814181,43.14091042,1310.874912,0,Off,On,22.93605348,Saturday,Yes,78.04604233
1/4/2022 6:00,20.83069216,52.19017626,1772.085708,7,Off,Off,21.71119541,Thursday,Yes,67.48478775
1/4/2022 7:00,25.70272908,53.31665482,1050.317602,8,On,Off,26.81710778,Sunday,No,78.2542879
1/4/2022 8:00,22.28517563,40.6599134,1688.890826,4,On,On,19.45596067,Tuesday,No,74.84338094
1/4/2022 9:00,20.3572972,52.95666984,1150.285169,8,On,Off,21.06831112,Monday,No,64.64191193
1/4/2022 10:00,29.64529278,42.51360621,1417.593259,7,On,On,7.756313433,Friday,No,89.0884343
1/4/2022 11:00,20.74659947,39.36306812,1907.167579,0,On,On,11.89554762,Monday,No,73.15432865
1/4/2022 12:00,27.30480241,48.59586683,1348.377744,7,Off,On,2.050682302,Wednesday,No,72.11709861
1/4/2022 13:00,25.02629924,48.0954382,1711.60936,7,On,On,0.062826557,Sunday,Yes,76.72156433
1/4/2022 14:00,20.92610835,46.18534284,1619.552251,7,Off,On,16.78869309,Saturday,Yes,65.97246107
1/4/2022 15:00,25.23949354,43.07836641,1601.813215,3,Off,Off,0.194942588,Thursday,Yes,61.53670969
1/4/2022 16:00,24.34217961,47.40595644,1102.6057,8,Off,Off,1.316330486,Friday,Yes,77.38447784
1/4/2022 17:00,25.48016407,55.32138506,1408.278965,7,On,Off,23.13402273,Thursday,Yes,76.07661992
1/4/2022 18:00,29.35006968,30.88538003,1045.036524,1,Off,Off,27.41681735,Sunday,Yes,74.86787369
1/4/2022 19:00,29.95050303,42.42525805,1679.773172,4,Off,On,13.95318144,Friday,Yes,86.28935401
1/4/2022 20:00,26.62318074,37.72919218,1361.244781,6,Off,Off,27.20434275,Sunday,No,83.87525695
1/4/2022 21:00,23.54130272,34.53490594,1712.281769,8,Off,Off,29.2736974,Wednesday,Yes,83.45804939
1/4/2022 22:00,24.39157014,53.03415959,1982.783855,8,On,On,20.48767016,Sunday,No,81.9968284
1/4/2022 23:00,27.75515877,39.84810667,1355.38522,8,On,Off,6.843562851,Wednesday,Yes,86.64692164
1/5/2022 0:00,26.28690619,40.70675768,1384.325256,3,On,On,9.713536759,Monday,Yes,75.98238075
1/5/2022 1:00,20.97990921,58.11562861,1179.486192,9,Off,Off,8.577365909,Friday,No,70.71436236
1/5/2022 2:00,26.5158606,58.65666761,1389.698224,8,Off,Off,25.93440019,Monday,No,81.74552951
1/5/2022 3:00,29.68616008,33.99960255,1419.462061,5,On,On,11.94414427,Sunday,Yes,85.1825525
1/5/2022 4:00,22.36951967,54.38705919,1167.0982,9,On,Off,25.04634671,Wednesday,Yes,75.29040593
1/5/2022 5:00,23.92723747,53.67575902,1193.201025,9,On,On,6.51722412,Thursday,No,85.18197379
1/5/2022 6:00,20.82665215,39.19961425,1573.511481,9,On,On,27.63778504,Friday,No,72.76703721
1/5/2022 7:00,28.235508,54.70047192,1419.641313,5,Off,On,21.38887254,Monday,No,81.81977545
1/5/2022 8:00,22.89496304,54.11511641,1364.471091,6,On,On,10.78918324,Sunday,Yes,78.64588466
1/5/2022 9:00,21.63998082,59.41123031,1258.096515,0,Off,On,29.85772333,Saturday,No,66.95161484
1/5/2022 10:00,21.6313505,50.47608151,1888.701582,4,Off,Off,5.672987416,Tuesday,No,71.17906441
1/5/2022 11:00,22.77963693,58.58018635,1226.318727,1,Off,Off,25.2100739,Monday,No,63.8619102
1/5/2022 12:00,20.07062523,54.00859281,1457.864327,5,On,On,4.681821391,Friday,Yes,61.13094285
1/5/2022 13:00,27.48755598,38.51450683,1130.03783,2,Off,On,8.811531071,Tuesday,Yes,79.72428614
1/5/2022 14:00,28.53814894,49.96585219,1512.138063,4,Off,On,9.808761454,Sunday,Yes,81.89398686
1/5/2022 15:00,29.25702432,38.18426699,1293.97398,1,Off,On,21.16298504,Saturday,No,85.36040307
1/5/2022 16:00,23.02144912,47.87589415,1610.793389,8,On,Off,28.05386821,Wednesday,Yes,77.7764691
1/5/2022 17:00,24.74130361,38.02144716,1896.940877,2,On,On,23.23288102,Monday,No,87.7480046
1/5/2022 18:00,27.40315468,33.03160263,1237.345992,5,Off,Off,14.19955686,Sunday,Yes,72.39601158
1/5/2022 19:00,26.50637223,56.16762905,1300.443083,3,Off,Off,12.83219866,Tuesday,No,69.56901196
1/5/2022 20:00,22.67617722,47.26094947,1038.254822,6,Off,Off,20.96630383,Tuesday,Yes,73.25221626
1/5/2022 21:00,23.89271281,49.39507884,1887.437039,9,Off,Off,3.070709122,Tuesday,Yes,75.81440197
1/5/2022 22:00,29.05240879,39.08467957,1221.846716,8,Off,Off,7.374000375,Tuesday,No,86.53486773
1/5/2022 23:00,27.30842167,58.56743563,1239.62028,8,Off,On,22.21096517,Monday,Yes,81.19093783
1/6/2022 0:00,20.76246135,30.50361681,1736.014903,4,On,Off,8.830312239,Wednesday,No,76.9364531
1/6/2022 1:00,22.0627827,57.56876666,1204.3719,1,Off,Off,5.36431937,Sunday,No,64.59533738
1/6/2022 2:00,28.88318386,39.63866759,1600.051333,9,Off,On,5.871164302,Saturday,No,81.10901891
1/6/2022 3:00,24.12705095,47.96403459,1188.104077,3,On,On,27.94493488,Sunday,Yes,70.25774285
1/6/2022 4:00,22.04510998,33.3242579,1735.080411,0,On,On,14.78081155,Tuesday,No,65.9814219
1/6/2022 5:00,23.46931367,31.18500406,1842.969833,4,On,On,4.066659492,Thursday,Yes,76.19515389
1/6/2022 6:00,24.12198922,36.22531925,1636.739575,1,Off,Off,11.77756818,Thursday,Yes,72.16382018
1/6/2022 7:00,27.55284508,34.5381823,1073.066166,3,Off,Off,17.60057071,Monday,No,74.11809532
1/6/2022 8:00,21.33084051,36.9476702,1518.000607,2,On,Off,9.506523032,Saturday,No,73.9281436
1/6/2022 9:00,28.54821119,34.65484006,1096.857434,3,On,Off,22.82542188,Wednesday,No,80.51166203
1/6/2022 10:00,23.79808176,59.35728859,1138.376816,2,Off,On,24.21652918,Friday,No,68.56408772
1/6/2022 11:00,24.76878004,46.2216925,1075.241607,4,Off,On,17.88195821,Friday,No,71.42759361
1/6/2022 12:00,21.30153697,52.10150863,1924.999794,0,On,Off,24.40168326,Thursday,No,64.07696764
1/6/2022 13:00,22.72197376,35.89964366,1229.55799,1,Off,On,7.759617922,Tuesday,No,57.48444204
1/6/2022 14:00,29.45837972,56.40345029,1724.596154,9,Off,Off,1.399989932,Wednesday,No,82.5977672
1/6/2022 15:00,24.74355527,43.27952524,1252.710602,2,Off,Off,26.16330551,Thursday,Yes,77.5180513
1/6/2022 16:00,21.52426617,33.25524914,1381.696148,7,Off,Off,11.54903846,Tuesday,No,71.01713961
1/6/2022 17:00,25.52147035,48.27578382,1300.704098,0,Off,Off,10.14602291,Saturday,Yes,64.69791036
1/6/2022 18:00,26.20669205,46.43151995,1659.148096,9,On,Off,10.59393047,Monday,No,76.30888109
1/6/2022 19:00,28.4902659,44.50404119,1844.777201,0,Off,On,29.35010468,Friday,Yes,80.00384749
1/6/2022 20:00,24.28568824,39.68855487,1194.877993,3,Off,Off,23.38926668,Friday,Yes,72.10407562
1/6/2022 21:00,29.58086952,45.41719161,1400.058462,6,On,Off,28.04939871,Thursday,Yes,93.78946764
1/6/2022 22:00,21.956904,45.78312249,1520.142497,7,On,On,28.46248094,Wednesday,No,78.13896312
1/6/2022 23:00,25.16589294,39.60412762,1520.136082,3,On,On,2.933334154,Wednesday,No,87.32448956
1/7/2022 0:00,24.01594209,47.94053553,1568.28334,3,Off,Off,14.9938366,Sunday,Yes,74.17904404
1/7/2022 1:00,22.78816375,34.07807564,1710.949247,0,Off,On,17.94625114,Thursday,No,69.91514118
1/7/2022 2:00,26.04089496,47.53823198,1494.26722,8,On,On,11.35995328,Thursday,Yes,91.5943548
1/7/2022 3:00,20.79672417,34.41135637,1294.459691,5,Off,Off,26.34952408,Thursday,Yes,76.13895451
1/7/2022 4:00,24.95147908,35.68303467,1607.748928,9,On,On,19.99657288,Monday,No,70.97691338
1/7/2022 5:00,24.74071986,46.13389978,1528.481676,4,On,On,26.28441196,Monday,No,79.43394002
1/7/2022 6:00,27.35805437,36.16290662,1054.171443,3,Off,On,27.7558029,Tuesday,No,77.65217035
1/7/2022 7:00,22.93456303,34.016836,1081.982354,3,On,On,9.559637974,Thursday,Yes,74.11609389
1/7/2022 8:00,22.17088873,41.10062847,1336.849287,4,Off,On,18.72630485,Friday,No,67.63764065
1/7/2022 9:00,22.05580615,47.31027362,1314.007738,6,On,On,29.55972039,Wednesday,Yes,72.59022722
1/7/2022 10:00,29.82050358,37.0324497,1657.764637,6,Off,On,28.83562056,Sunday,No,85.12072843
1/7/2022 11:00,24.52923701,39.48944934,1587.929768,0,On,Off,15.92369086,Wednesday,No,76.92758508
1/7/2022 12:00,29.58684969,53.87531481,1604.514215,1,On,Off,25.67681807,Friday,Yes,82.96293306
1/7/2022 13:00,28.9610656,43.88354638,1686.83978,0,On,On,6.322472386,Friday,Yes,77.22008603
1/7/2022 14:00,24.40907037,43.31585057,1311.416477,3,Off,Off,20.39146637,Sunday,No,71.13106168
1/7/2022 15:00,24.09961989,45.08272118,1748.236267,2,Off,On,27.23745792,Saturday,No,69.27222198
1/7/2022 16:00,26.60964172,59.72756653,1796.419286,7,Off,On,13.96505272,Sunday,No,82.23684828
1/7/2022 17:00,29.33981338,46.06150306,1774.894356,5,On,Off,15.41056318,Saturday,Yes,83.33161599
1/7/2022 18:00,28.04536975,39.32440919,1120.326504,3,On,Off,21.23633846,Thursday,Yes,95.07096217
1/7/2022 19:00,24.74475303,30.16745158,1866.088986,0,On,On,8.620037739,Wednesday,No,79.8002501
1/7/2022 20:00,24.93943614,40.48957381,1536.626803,4,On,Off,11.48617514,Tuesday,No,78.73050082
1/7/2022 21:00,22.55395012,41.0481825,1317.16133,1,On,On,15.18954074,Monday,Yes,85.42767735
1/7/2022 22:00,26.07494158,35.51732088,1531.885316,6,Off,On,6.319200599,Thursday,No,84.03168983
1/7/2022 23:00,20.63269073,50.95243488,1004.40655,5,On,On,26.35900959,Tuesday,No,72.89058362
1/8/2022 0:00,25.71473454,42.29866537,1999.204208,1,On,On,29.56586339,Saturday,No,75.61498189
1/8/2022 1:00,20.91479245,31.71009383,1486.780868,5,Off,On,4.306860348,Friday,No,71.78964722
1/8/2022 2:00,25.20534149,48.64990088,1533.208172,3,Off,Off,4.054742653,Wednesday,No,63.00815766
1/8/2022 3:00,25.97652406,38.48415292,1595.427693,4,On,On,16.20520434,Tuesday,No,94.55062457
1/8/2022 4:00,27.72641369,53.33917902,1751.722623,2,On,Off,21.64735838,Wednesday,Yes,83.57683054
1/8/2022 5:00,25.25112028,33.63497477,1822.877933,4,On,On,4.462679925,Monday,Yes,84.69317341
1/8/2022 6:00,26.39275138,52.9465257,1387.117574,2,Off,Off,4.67036882,Sunday,No,78.58613842
1/8/2022 7:00,25.40366892,38.21610477,1739.931874,2,On,Off,29.11892004,Tuesday,No,75.64668455
1/8/2022 8:00,22.65582435,54.16381829,1086.475957,7,Off,On,8.7797632,Wednesday,Yes,73.20686742
1/8/2022 9:00,23.10978492,53.83190188,1483.8715,1,On,Off,28.16249105,Tuesday,No,74.33393532
1/8/2022 10:00,24.43071128,37.29842102,1423.298593,9,On,On,19.14516301,Monday,Yes,81.30053663
1/8/2022 11:00,23.76846846,49.08568113,1312.446457,7,On,Off,16.7533702,Thursday,No,78.22920749
1/8/2022 12:00,25.6731838,55.43730018,1353.519698,0,Off,Off,14.25524744,Saturday,No,75.41031586
1/8/2022 13:00,24.1287517,56.93177701,1666.713713,3,On,On,24.83746927,Sunday,No,71.18623046
1/8/2022 14:00,29.53401925,35.29794527,1949.338478,2,Off,On,9.666940423,Tuesday,Yes,92.86092549
1/8/2022 15:00,25.96679016,38.73382129,1616.558512,7,On,On,27.38824467,Thursday,No,82.10276684
1/8/2022 16:00,24.74086027,45.39176156,1685.674659,4,On,On,16.57386107,Friday,Yes,78.28652838
1/8/2022 17:00,29.95499539,55.09653944,1107.20298,5,Off,Off,26.99403989,Friday,No,86.08746919
1/8/2022 18:00,22.25393777,39.75479364,1899.087526,7,On,Off,26.92693129,Saturday,Yes,74.57680498
1/8/2022 19:00,24.54321848,31.32913858,1556.659145,9,On,On,9.653999291,Thursday,Yes,90.53846529
1/8/2022 20:00,24.34197661,43.53846921,1332.287419,3,On,Off,24.95227605,Sunday,Yes,76.76832119
1/8/2022 21:00,27.60557613,58.52258032,1573.324026,8,Off,On,10.05239432,Monday,No,86.41515216
1/8/2022 22:00,25.71536181,57.64434178,1623.782677,5,On,On,26.93957739,Monday,No,76.19438265
1/8/2022 23:00,26.88056182,51.62348564,1118.167486,4,Off,On,16.40120437,Tuesday,No,76.93391964
1/9/2022 0:00,24.11976441,41.22561416,1291.10838,0,Off,On,1.887773804,Thursday,Yes,71.05504381
1/9/2022 1:00,22.17423028,37.66492665,1566.181145,9,Off,On,15.48863414,Friday,Yes,77.39615133
1/9/2022 2:00,21.46866746,34.52321016,1666.939064,8,Off,On,28.99059534,Sunday,No,70.65426607
1/9/2022 3:00,22.54704875,46.11825117,1722.155626,3,On,Off,17.52664179,Wednesday,No,67.8075495
1/9/2022 4:00,23.95915996,31.20897742,1730.53109,2,On,On,2.142625934,Tuesday,Yes,72.07174962
1/9/2022 5:00,20.68444001,38.48799934,1284.531145,0,On,Off,13.51040468,Thursday,Yes,59.60890189
1/9/2022 6:00,28.00033639,57.80399003,1291.775954,7,On,On,5.304088924,Thursday,Yes,90.01159284
1/9/2022 7:00,20.68728253,34.00230405,1801.960183,6,On,Off,2.463103827,Friday,No,73.37704701
1/9/2022 8:00,20.37295544,49.62542405,1426.7291,4,Off,Off,6.677800602,Saturday,Yes,70.97874709
1/9/2022 9:00,21.99294281,46.86319509,1559.188457,3,On,On,14.64647274,Friday,No,74.37957432
1/9/2022 10:00,22.22280235,50.01013663,1314.51276,7,Off,On,0.657586982,Thursday,No,67.64237008
1/9/2022 11:00,22.64655952,31.24166277,1365.62198,0,Off,On,22.63632475,Friday,Yes,71.5353959
1/9/2022 12:00,20.14509495,54.1466994,1021.604252,6,Off,Off,20.02054349,Thursday,Yes,65.28898283
1/9/2022 13:00,23.85243516,34.38852565,1829.157054,1,Off,On,1.066889835,Friday,No,72.43112713
1/9/2022 14:00,26.82715303,52.87742398,1262.629873,3,Off,Off,24.09204889,Tuesday,No,75.68903568
1/9/2022 15:00,20.98349283,54.43680566,1360.452426,0,On,Off,20.94453724,Thursday,No,71.77872061
1/9/2022 16:00,26.94394101,31.95760009,1846.266567,0,On,On,0.068456743,Saturday,No,80.04392594
1/9/2022 17:00,20.91870129,35.61912355,1541.747142,8,Off,On,1.546592369,Friday,Yes,75.3694377
1/9/2022 18:00,28.79848358,37.71604787,1091.835261,7,On,On,0.298333403,Wednesday,Yes,86.5505985
1/9/2022 19:00,24.4803593,56.39299101,1184.701107,7,Off,On,5.728590972,Friday,No,71.9381497
1/9/2022 20:00,25.64310242,51.8397139,1196.761673,5,On,Off,14.01738503,Tuesday,Yes,87.13708266
1/9/2022 21:00,24.21717975,53.53776086,1319.809653,6,On,Off,26.67668967,Friday,Yes,73.58696137
1/9/2022 22:00,28.03065679,30.40053419,1185.714418,2,On,On,13.43734792,Tuesday,No,90.72509868
1/9/2022 23:00,23.3656332,52.01581684,1582.221432,5,On,On,18.34974043,Sunday,No,72.99628149
1/10/2022 0:00,23.26041505,50.94770949,1326.224568,5,Off,Off,28.83875615,Thursday,No,85.68075278
1/10/2022 1:00,21.14941244,51.28670038,1979.932749,8,Off,On,16.44413805,Saturday,No,69.30518445
1/10/2022 2:00,28.17756623,41.06552863,1406.193618,0,On,Off,6.408111896,Tuesday,Yes,73.9998394
1/10/2022 3:00,21.00449301,32.80371969,1188.506575,4,On,Off,0.341781055,Monday,No,70.28576214
1/10/2022 4:00,20.95706615,54.45741561,1801.360611,6,On,Off,20.88179066,Monday,No,75.17636555
1/10/2022 5:00,26.97011494,46.54399814,1740.211558,6,On,On,2.140057382,Friday,Yes,86.71559756
1/10/2022 6:00,29.38485263,49.77790579,1950.040352,8,Off,Off,24.15966124,Monday,Yes,90.45215551
1/10/2022 7:00,20.98606705,59.66964947,1764.517442,2,On,Off,8.49549882,Wednesday,No,64.36966291
1/10/2022 8:00,22.93476989,50.51657628,1284.598325,7,Off,Off,24.08005224,Friday,Yes,68.35678499
1/10/2022 9:00,21.3018444,43.8944118,1157.240058,2,On,Off,21.22624624,Saturday,Yes,70.38082621
1/10/2022 10:00,23.97674187,53.50082641,1280.723494,4,Off,On,7.347493561,Friday,Yes,77.70804435
1/10/2022 11:00,25.68058909,52.69300848,1665.067603,3,Off,Off,12.68259726,Monday,No,68.52149457
1/10/2022 12:00,28.29829485,45.3449309,1908.788264,0,Off,Off,11.43388046,Friday,No,77.87769146
1/10/2022 13:00,24.28433918,50.42035656,1016.575489,2,On,On,1.743926333,Friday,Yes,77.73573441
1/10/2022 14:00,27.76634288,58.50555771,1341.811585,1,Off,On,21.06110625,Saturday,Yes,83.24548579
1/10/2022 15:00,23.97321246,46.83211679,1698.041315,8,On,On,0.006642105,Tuesday,Yes,80.30181828
1/10/2022 16:00,24.69385893,39.95088081,1873.01465,3,Off,Off,10.97602138,Wednesday,Yes,76.1119173
1/10/2022 17:00,24.52415184,59.47546095,1601.794428,2,Off,Off,20.45623832,Wednesday,No,64.04576015
1/10/2022 18:00,22.34272772,35.84058972,1317.541539,7,On,Off,29.36612555,Friday,Yes,77.01609484
1/10/2022 19:00,23.18850677,58.87111761,1880.033111,5,On,Off,9.79157509,Wednesday,No,78.73329793
1/10/2022 20:00,29.72049067,32.42367573,1836.425058,5,Off,On,5.494192274,Thursday,Yes,87.44225579
1/10/2022 21:00,20.86510055,52.23935393,1765.921208,4,On,On,0.087502985,Tuesday,No,72.43118969
1/10/2022 22:00,26.32086544,30.71754452,1288.259183,5,Off,Off,7.871969156,Monday,No,76.71624498
1/10/2022 23:00,21.4254451,51.56712436,1693.354908,3,On,Off,14.94325021,Friday,No,67.8069676
1/11/2022 0:00,25.10085139,36.13765007,1816.960958,3,On,Off,15.27219546,Thursday,No,74.66520659
1/11/2022 1:00,21.92645426,44.60597384,1135.054165,5,On,On,4.858260889,Tuesday,No,77.02412226
1/11/2022 2:00,20.25156964,54.34084196,1474.997244,0,Off,Off,9.8706056,Sunday,No,57.90048341
1/11/2022 3:00,25.12261404,31.32321576,1101.862541,9,Off,Off,14.98752132,Thursday,No,73.95195603
1/11/2022 4:00,24.44409974,44.29228906,1706.911068,2,Off,Off,7.42218111,Thursday,No,77.15892669
1/11/2022 5:00,26.71812178,48.10132015,1115.925877,7,On,Off,25.13730273,Tuesday,No,93.00944697
1/11/2022 6:00,22.4653627,43.03348624,1514.308423,9,Off,On,16.65941548,Monday,No,80.36211599
1/11/2022 7:00,29.65988408,34.04228577,1568.192634,4,On,Off,24.64624628,Friday,Yes,92.52121147
1/11/2022 8:00,24.29302166,32.05925208,1953.958265,3,On,On,0.268875635,Wednesday,No,72.66316703
1/11/2022 9:00,26.52703823,45.75926969,1208.278118,8,Off,On,12.06221344,Friday,No,78.20231068
1/11/2022 10:00,26.9040665,30.24919989,1062.21241,4,On,Off,9.694658634,Thursday,No,90.49170426
1/11/2022 11:00,29.49047183,34.62720152,1232.089405,5,Off,Off,4.54383583,Wednesday,Yes,76.68183998
1/11/2022 12:00,26.70387505,38.37927804,1422.839907,2,On,On,27.41540257,Sunday,Yes,81.51851629
1/11/2022 13:00,21.82934211,42.41534005,1874.412765,1,Off,On,20.15849932,Friday,Yes,67.3154283
1/11/2022 14:00,26.50239154,53.38212898,1079.811646,8,Off,On,1.610798161,Thursday,No,79.49660135
1/11/2022 15:00,28.1269735,46.25417393,1351.910366,7,On,On,9.621473405,Sunday,Yes,86.4473386
1/11/2022 16:00,28.40625304,50.72526184,1439.869568,5,On,On,3.955794407,Monday,Yes,93.6948066
1/11/2022 17:00,24.64643325,51.58216767,1491.100376,3,On,Off,4.89174996,Friday,No,79.48953463
1/11/2022 18:00,26.69364456,56.49109549,1765.430302,8,On,Off,9.455556881,Friday,Yes,71.90487922
1/11/2022 19:00,29.21109492,36.39495471,1977.21851,0,Off,Off,15.39731718,Thursday,No,77.41385904
1/11/2022 20:00,24.95024648,48.10440687,1513.072128,0,Off,On,23.67966477,Monday,No,68.4685336
1/11/2022 21:00,24.60361605,47.17522364,1280.239159,6,Off,Off,15.122463,Monday,Yes,72.99317043
1/11/2022 22:00,29.59193085,57.25634011,1042.072049,0,Off,Off,14.32804046,Saturday,Yes,83.22600601
1/11/2022 23:00,29.87654879,39.69924262,1181.746516,1,On,Off,13.21165083,Sunday,No,80.43141464
1/12/2022 0:00,29.44648388,45.99409147,1702.156765,9,Off,Off,6.392152776,Wednesday,Yes,81.66465478
1/12/2022 1:00,29.59943709,50.61874931,1006.225367,5,On,On,0.889983889,Tuesday,Yes,91.90838131
1/12/2022 2:00,22.554829,47.79164857,1130.002404,2,On,Off,2.181907546,Tuesday,Yes,65.67603413
1/12/2022 3:00,26.14800868,30.73840414,1468.417536,5,On,Off,23.69130794,Saturday,Yes,76.23584839
1/12/2022 4:00,24.9294248,36.42623784,1341.907645,8,On,On,11.48722706,Tuesday,Yes,81.54680099
1/12/2022 5:00,24.79754332,44.30745725,1887.094636,8,Off,On,6.746035149,Sunday,No,83.75995735
1/12/2022 6:00,23.34986439,33.09846361,1721.521278,3,On,On,5.524544063,Wednesday,Yes,76.63972945
1/12/2022 7:00,24.60072168,43.64622715,1854.877725,7,Off,On,16.99570717,Sunday,Yes,73.62997122
1/12/2022 8:00,25.00628702,38.08050133,1766.627016,3,On,Off,17.59087244,Wednesday,Yes,86.84928585
1/12/2022 9:00,20.70318134,41.90536535,1494.202548,4,On,On,27.68963213,Friday,Yes,66.84867535
1/12/2022 10:00,23.47439429,39.76224025,1602.643188,8,Off,On,13.96028653,Sunday,Yes,73.05780674
1/12/2022 11:00,22.85977795,37.40112554,1508.016302,1,Off,Off,7.00028557,Sunday,No,74.12653715
1/12/2022 12:00,23.67904809,34.90069736,1148.556604,2,On,On,20.45040473,Saturday,Yes,79.93849947
1/12/2022 13:00,28.31838876,40.43914067,1171.732125,1,Off,Off,25.90073034,Wednesday,No,78.63688458
1/12/2022 14:00,25.30446489,48.43951186,1886.218328,1,On,Off,5.689415414,Wednesday,No,65.44542802
1/12/2022 15:00,22.0920897,50.56506501,1946.481533,7,Off,On,20.7563144,Friday,No,74.71188396
1/12/2022 16:00,22.74014527,45.29156765,1278.906088,7,On,On,28.70118419,Friday,Yes,71.56881317
1/12/2022 17:00,29.24867278,48.0876758,1025.039867,4,On,Off,25.68331375,Thursday,Yes,91.49098229
1/12/2022 18:00,21.43070683,47.48688287,1481.148287,3,On,Off,19.35165962,Friday,Yes,66.97225234
1/12/2022 19:00,23.77869184,52.77726686,1867.167664,1,Off,Off,6.550839097,Tuesday,No,75.6791713
1/12/2022 20:00,24.73198341,36.3413988,1669.067314,3,Off,On,2.741609339,Sunday,No,66.829458
1/12/2022 21:00,25.59778919,36.56132746,1473.098687,2,On,On,7.20533869,Saturday,Yes,86.77961956
1/12/2022 22:00,29.7437296,34.16691651,1249.793987,7,Off,On,7.745269765,Friday,No,83.34114368
1/12/2022 23:00,24.22326633,49.20816171,1228.296923,2,Off,On,0.251475201,Saturday,No,66.15000122
1/13/2022 0:00,23.3246254,36.35477557,1241.383361,0,Off,Off,17.02774376,Wednesday,No,66.17761965
1/13/2022 1:00,28.30389189,46.03217441,1085.15003,3,On,On,15.78420573,Sunday,Yes,94.17851811
1/13/2022 2:00,29.62555554,39.95413533,1498.321114,7,On,Off,9.1113464,Saturday,Yes,89.63251802
1/13/2022 3:00,20.61257094,49.69353549,1991.557954,7,On,On,22.23655122,Tuesday,No,71.85136903
1/13/2022 4:00,29.92767645,54.17914066,1182.70946,1,On,Off,13.39578773,Friday,No,85.9255532
1/13/2022 5:00,27.32678192,51.07481121,1920.44078,0,Off,On,0.702588844,Thursday,Yes,72.64321481
1/13/2022 6:00,21.84143669,57.52847927,1214.57555,1,Off,Off,2.915925006,Sunday,Yes,71.36935559
1/13/2022 7:00,21.11869315,47.80595112,1883.415024,0,Off,Off,0.055763112,Wednesday,No,56.1582064
1/13/2022 8:00,20.75179599,44.10279929,1960.701997,5,Off,On,22.33604309,Sunday,Yes,64.15908028
1/13/2022 9:00,26.1699493,47.69281518,1153.669669,6,Off,On,2.911490867,Tuesday,Yes,78.55300132
1/13/2022 10:00,23.17225963,49.57771081,1723.565008,8,On,Off,26.68758646,Wednesday,No,83.95704997
1/13/2022 11:00,25.27281636,40.19363642,1047.033693,1,Off,On,6.13984772,Thursday,No,71.79237551
1/13/2022 12:00,21.80078577,49.95024475,1700.670826,9,On,On,6.81282582,Friday,No,75.05653078
1/13/2022 13:00,29.672113,56.54390695,1196.241144,8,Off,On,2.505440498,Thursday,No,80.48703556
1/13/2022 14:00,25.7448875,58.60466369,1125.725341,5,Off,Off,18.97190654,Friday,Yes,85.70653026
1/13/2022 15:00,28.37152111,58.46165461,1614.187582,3,Off,On,19.90845075,Thursday,Yes,84.58609727
1/13/2022 16:00,23.33691173,46.071802,1444.129218,4,Off,On,8.829936835,Monday,Yes,71.58907833
1/13/2022 17:00,29.07327456,55.48688644,1914.452129,0,On,Off,6.271506604,Thursday,Yes,79.7663742
1/13/2022 18:00,24.49606284,59.55584186,1783.052712,5,On,Off,22.66624405,Wednesday,No,68.19559791
1/13/2022 19:00,24.00580156,49.42088782,1711.853654,3,On,Off,24.3861639,Sunday,Yes,66.00177993
1/13/2022 20:00,27.92221349,44.01894863,1858.664944,2,Off,On,11.72468398,Friday,Yes,80.51439622
1/13/2022 21:00,24.04782383,54.58723427,1758.418359,8,On,Off,14.16224654,Monday,No,83.21939504
1/13/2022 22:00,28.8373016,38.59751388,1729.45099,5,On,On,6.658910551,Monday,Yes,96.24479647
1/13/2022 23:00,24.10029689,40.03157327,1892.423853,9,Off,On,21.79489396,Tuesday,No,73.10864189
1/14/2022 0:00,20.96062913,50.87546353,1380.044354,5,Off,On,26.66840494,Saturday,Yes,69.61597784
1/14/2022 1:00,24.82875709,55.59731295,1057.992856,3,On,On,26.09970701,Monday,No,85.17992012
1/14/2022 2:00,27.70701191,30.19725981,1856.875949,2,On,Off,25.99038736,Monday,No,84.49219677
1/14/2022 3:00,21.43657362,35.16035087,1545.78603,4,On,Off,3.345312385,Monday,No,70.5360059
1/14/2022 4:00,21.86940692,34.39734417,1189.848654,5,Off,Off,21.28429736,Friday,Yes,60.49180014
1/14/2022 5:00,26.89542245,33.03578217,1757.083861,6,On,Off,22.39940596,Monday,No,82.16772173
1/14/2022 6:00,29.84140366,31.51442417,1549.15279,3,Off,Off,3.058343591,Sunday,Yes,81.9120408
1/14/2022 7:00,21.62325004,57.40925627,1090.631615,2,Off,On,10.88501214,Sunday,No,70.01666703
1/14/2022 8:00,29.97116493,30.52168416,1868.887373,5,On,On,24.14811815,Wednesday,No,94.07625485
1/14/2022 9:00,24.47568309,55.10140769,1121.294476,3,On,On,26.92387137,Thursday,Yes,74.4007924
1/14/2022 10:00,27.74669993,39.67821113,1390.032795,5,On,On,9.239299591,Saturday,Yes,89.50707092
1/14/2022 11:00,26.4789894,53.26256144,1491.743949,6,Off,On,29.39875844,Sunday,No,81.44492044
1/14/2022 12:00,29.66139079,30.62518842,1073.071788,7,On,On,17.32860157,Monday,Yes,82.02665399
1/14/2022 13:00,28.49538571,49.5700364,1217.105162,8,Off,Off,26.79984969,Sunday,Yes,86.5897196
1/14/2022 14:00,23.67663813,38.6002447,1911.639677,6,On,On,14.11830837,Sunday,No,73.31338433
1/14/2022 15:00,22.97624726,49.55548713,1015.941233,6,Off,Off,11.26470756,Sunday,No,63.94519034
1/14/2022 16:00,25.55609209,53.10644794,1109.223795,4,Off,On,8.216058868,Sunday,No,71.68215977
1/14/2022 17:00,24.35567264,50.65458482,1966.993047,3,On,On,10.24393778,Wednesday,No,80.88488371
1/14/2022 18:00,22.49358412,30.6912718,1754.01045,4,On,On,26.903882,Wednesday,No,69.36518466
1/14/2022 19:00,25.02810359,54.2472966,1504.392672,9,On,Off,19.21904149,Saturday,No,77.11135725
1/14/2022 20:00,24.75421612,54.10080906,1314.10901,0,Off,Off,1.212165648,Tuesday,Yes,66.83338951
1/14/2022 21:00,26.66012137,41.6449655,1185.894176,7,Off,On,8.453895466,Saturday,Yes,86.27594101
1/14/2022 22:00,29.94055445,51.64890692,1581.513932,8,On,Off,10.14345015,Friday,No,93.67536719
1/14/2022 23:00,25.29279314,56.57839325,1863.03798,9,On,On,9.6459162,Wednesday,Yes,78.51637754
1/15/2022 0:00,29.83575267,34.78760836,1792.500538,8,On,On,14.45388231,Thursday,No,92.94947424
1/15/2022 1:00,28.32308056,40.20273701,1857.794298,8,Off,Off,27.62956906,Saturday,No,81.03512874
1/15/2022 2:00,23.53054302,45.03108411,1126.499409,7,Off,On,28.95438072,Monday,No,82.69984872
1/15/2022 3:00,25.48592542,48.30514746,1091.289908,5,On,On,12.94019903,Tuesday,No,72.51616454
1/15/2022 4:00,29.10335662,32.39645093,1049.155493,4,On,On,18.62522881,Sunday,No,89.10422124
1/15/2022 5:00,23.60485467,59.20251243,1345.880429,2,On,Off,17.47940645,Sunday,No,75.10348088
1/15/2022 6:00,22.20113547,58.28733926,1388.750561,5,On,On,13.46685625,Saturday,Yes,67.43476731
1/15/2022 7:00,29.64724751,56.63048279,1930.909344,7,On,Off,3.772035157,Sunday,Yes,87.24482058
1/15/2022 8:00,22.53992237,49.58991818,1600.222507,9,Off,On,19.3054792,Friday,Yes,71.39509194
1/15/2022 9:00,29.15644142,35.71379302,1080.115793,2,On,On,21.90718983,Sunday,Yes,86.43309226
1/15/2022 10:00,20.79239753,41.96566758,1241.691331,3,On,Off,21.47222101,Saturday,No,68.24350216
1/15/2022 11:00,21.76621987,43.39761996,1872.308593,8,On,Off,29.06376071,Thursday,No,77.32618941
1/15/2022 12:00,27.41869693,50.70620208,1215.583918,9,On,On,2.414500701,Thursday,Yes,87.63455304
1/15/2022 13:00,29.59878688,32.49968359,1688.787752,2,Off,On,11.41488662,Sunday,No,85.04770452
1/15/2022 14:00,22.88336431,57.85274831,1828.996906,8,Off,Off,5.829146695,Friday,No,73.25681014
1/15/2022 15:00,24.12386224,33.7955033,1370.835156,9,On,On,9.351029967,Thursday,Yes,86.13804178
1/15/2022 16:00,24.92036121,59.29309197,1250.88503,5,Off,Off,11.10518091,Friday,No,73.3017085
1/15/2022 17:00,24.86707217,56.90693872,1872.040324,9,On,Off,27.15550741,Sunday,No,77.75822606
1/15/2022 18:00,26.41607206,58.01014968,1060.654759,0,Off,Off,0.450329335,Monday,No,69.98089973
1/15/2022 19:00,29.93409192,51.026985,1008.280994,2,Off,On,12.04111702,Wednesday,No,81.71962013
1/15/2022 20:00,26.64132605,55.26262006,1004.80544,8,Off,Off,15.1061507,Saturday,No,83.18770624
1/15/2022 21:00,29.53147229,47.13663552,1740.725987,3,Off,Off,25.73008295,Friday,No,74.50066582
1/15/2022 22:00,25.64960485,37.51772637,1972.874141,4,On,Off,21.76957922,Sunday,No,85.30242791
1/15/2022 23:00,20.58670995,49.40760943,1060.10181,4,Off,On,16.68383143,Wednesday,Yes,68.16641917
1/16/2022 0:00,25.01509889,39.80485802,1151.83992,1,On,Off,18.05688062,Friday,No,78.27308086
1/16/2022 1:00,27.0852004,55.76623297,1633.958826,5,On,Off,5.863375031,Thursday,Yes,83.73032137
1/16/2022 2:00,25.46302669,43.33426883,1061.81333,3,On,Off,6.616040041,Sunday,Yes,91.26509967
1/16/2022 3:00,24.93275763,37.65871505,1143.834081,0,On,On,6.538046915,Sunday,No,84.2700706
1/16/2022 4:00,20.72985222,51.52162744,1630.316993,6,On,Off,27.39932798,Wednesday,Yes,72.99259685
1/16/2022 5:00,26.594866,43.34592018,1337.23185,0,Off,On,24.85436673,Sunday,No,82.85963589
1/16/2022 6:00,23.94562058,34.18784623,1449.930686,1,On,On,26.59390736,Friday,No,77.19419321
1/16/2022 7:00,27.43320714,52.27813671,1753.844901,1,On,On,19.70004721,Wednesday,No,94.62023821
1/16/2022 8:00,29.45484493,39.18904981,1279.299707,9,On,Off,21.63752986,Monday,No,89.00357445
1/16/2022 9:00,26.62576346,55.98718707,1057.987038,0,Off,Off,19.49500805,Monday,No,68.83167001
1/16/2022 10:00,24.20913824,55.10484936,1310.216628,6,On,On,15.71749887,Wednesday,No,84.01097145
1/16/2022 11:00,27.24652907,36.55317638,1069.90464,9,Off,On,5.686641213,Tuesday,Yes,78.97905452
1/16/2022 12:00,22.8755812,53.10523438,1032.432519,5,Off,On,21.07938414,Sunday,No,67.48245503
1/16/2022 13:00,26.49049171,59.58797279,1439.456847,5,Off,Off,20.62681737,Sunday,Yes,78.83221237
1/16/2022 14:00,29.84783586,57.01353259,1250.502412,3,Off,Off,20.19580681,Saturday,No,89.16170791
1/16/2022 15:00,25.75067032,45.98494058,1911.435831,1,On,On,7.607161857,Tuesday,Yes,80.90873749
1/16/2022 16:00,26.21152124,56.22313076,1145.238586,1,Off,On,3.207135841,Tuesday,Yes,69.84644934
1/16/2022 17:00,25.27197428,37.92865642,1888.949795,9,On,Off,23.70844237,Wednesday,Yes,93.61749393
1/16/2022 18:00,24.68514769,59.81235329,1899.37404,4,Off,On,19.01007423,Tuesday,No,71.72043318
1/16/2022 19:00,29.9895841,48.61326428,1933.022912,4,Off,On,14.99413605,Sunday,Yes,78.84560725
1/16/2022 20:00,21.76251707,46.15261304,1353.916491,6,On,Off,10.67524944,Tuesday,Yes,73.12301846
1/16/2022 21:00,21.30134059,55.44536299,1697.483283,0,Off,On,26.89240297,Saturday,Yes,63.87007077
1/16/2022 22:00,27.12107588,48.23358401,1396.999365,0,Off,On,21.96496812,Friday,Yes,79.85590095
1/16/2022 23:00,28.77905874,46.13660981,1531.354851,3,Off,Off,1.956513733,Tuesday,No,87.41590659
1/17/2022 0:00,24.34655109,33.72474823,1184.320635,8,Off,On,12.17554646,Friday,No,78.57276368
1/17/2022 1:00,28.04969083,52.79268373,1415.155001,3,On,On,28.15095141,Saturday,No,91.41236537
1/17/2022 2:00,27.22657085,52.91281321,1899.075864,7,Off,On,15.50789431,Sunday,No,81.73188629
1/17/2022 3:00,27.87594566,41.81840052,1796.807157,0,Off,Off,8.364369434,Saturday,No,79.16418647
1/17/2022 4:00,28.97886961,51.24236023,1089.512707,6,On,On,2.929443964,Monday,No,86.15217411
1/17/2022 5:00,27.06668311,56.01806487,1745.395028,4,On,Off,14.83752519,Saturday,Yes,81.36888677
1/17/2022 6:00,24.41382889,51.71472607,1142.323647,1,Off,Off,9.115813381,Monday,Yes,71.93956194
1/17/2022 7:00,29.76420304,40.90101345,1463.830143,6,On,On,15.32149934,Saturday,No,99.20111959
1/17/2022 8:00,22.11281096,52.75234457,1603.331728,1,Off,Off,8.886757104,Thursday,Yes,63.12270832
1/17/2022 9:00,24.94066,45.42159697,1121.270734,0,On,Off,16.14057289,Thursday,Yes,81.98142865
1/17/2022 10:00,24.5772561,33.4144626,1922.098639,2,On,Off,12.05447545,Saturday,No,80.25248579
1/17/2022 11:00,21.25280329,44.90855786,1562.603933,5,Off,On,24.05323415,Sunday,Yes,71.29929558
1/17/2022 12:00,29.88439348,40.98758783,1329.978844,5,Off,Off,24.55518799,Friday,No,88.01461175
1/17/2022 13:00,20.64424767,54.84719994,1798.355879,7,Off,Off,5.769555507,Thursday,Yes,66.26932558
1/17/2022 14:00,28.11388728,36.61340149,1409.05172,8,On,On,16.78885099,Wednesday,No,82.26693883
1/17/2022 15:00,28.13017741,35.9940349,1766.32019,0,On,On,8.176593435,Tuesday,Yes,87.04307525
1/17/2022 16:00,21.08859493,41.24566052,1861.475087,8,On,On,1.734681289,Wednesday,Yes,77.37513106
1/17/2022 17:00,23.77636032,40.34706645,1157.145018,2,Off,On,22.02229095,Wednesday,No,65.98179417
1/17/2022 18:00,22.23464557,47.22998828,1855.502668,3,Off,Off,25.9874649,Wednesday,Yes,60.54145962
1/17/2022 19:00,29.08209887,40.03960863,1774.511567,6,Off,Off,19.17301219,Tuesday,Yes,92.04714124
1/17/2022 20:00,26.59340245,52.41616513,1210.743888,8,Off,Off,20.44069759,Saturday,No,85.23654874
1/17/2022 21:00,22.16261967,34.69720844,1104.329447,5,On,Off,20.53965996,Sunday,Yes,64.86892379
1/17/2022 22:00,24.60026864,58.78197615,1103.331647,1,Off,On,12.41549515,Friday,Yes,65.37884109
1/17/2022 23:00,28.87070395,31.76771768,1915.36487,3,On,Off,8.410630942,Thursday,No,88.69140252
1/18/2022 0:00,29.9632329,52.72792152,1419.504118,5,Off,On,20.74311353,Wednesday,Yes,86.91937064
1/18/2022 1:00,23.75121949,49.32718645,1603.57593,9,On,On,0.120418748,Friday,No,83.90650417
1/18/2022 2:00,24.79179807,30.57037532,1499.924579,5,Off,Off,3.497016332,Monday,No,74.11456006
1/18/2022 3:00,22.29635671,40.90136169,1568.750108,8,On,Off,21.5781857,Tuesday,No,83.89109971
1/18/2022 4:00,21.9681776,50.37893002,1709.390544,8,On,Off,2.938315981,Friday,No,71.04837024
1/18/2022 5:00,25.04055099,44.50249176,1493.82492,5,On,On,22.54505034,Saturday,No,81.6767512
1/18/2022 6:00,24.79052752,52.75583247,1514.533363,5,On,On,17.7301605,Wednesday,Yes,85.43330465
1/18/2022 7:00,29.75945757,59.41249914,1979.749396,9,Off,Off,10.6084932,Friday,Yes,71.31149601
1/18/2022 8:00,20.5722171,43.97216215,1828.686036,5,On,On,0.035793373,Tuesday,No,71.59494172
1/18/2022 9:00,21.49111056,39.48881222,1312.015354,3,On,Off,18.42206759,Monday,Yes,66.63194055
1/18/2022 10:00,22.81012541,34.47590173,1833.368241,4,Off,Off,0.20129286,Friday,Yes,78.85915531
1/18/2022 11:00,28.08026546,48.26695805,1394.596753,5,On,Off,5.182709252,Tuesday,Yes,82.06410931
1/18/2022 12:00,28.15378416,47.01248626,1938.017891,8,Off,On,1.470031091,Thursday,No,73.07513598
1/18/2022 13:00,20.09554473,52.06206832,1659.90626,9,Off,Off,29.04439202,Friday,Yes,79.16619555
1/18/2022 14:00,23.89145752,40.83516651,1446.904014,7,On,On,5.827030823,Monday,No,72.79751943
1/18/2022 15:00,20.13853046,39.65552638,1838.972327,4,On,Off,14.2590828,Saturday,No,66.47763446
1/18/2022 16:00,20.17911178,55.52842843,1859.392133,9,On,Off,26.38346227,Sunday,No,72.80385072
1/18/2022 17:00,28.07737837,59.93757118,1462.985675,8,On,On,17.56056447,Monday,No,76.06738491
1/18/2022 18:00,22.75087424,50.50700615,1698.634365,1,On,Off,19.71077697,Thursday,No,67.98375026
1/18/2022 19:00,27.12379101,57.19010322,1992.619709,0,Off,Off,8.454139099,Saturday,No,81.38657107
1/18/2022 20:00,27.2833292,33.86674061,1221.227092,3,On,Off,0.649650269,Sunday,No,83.25094381
1/18/2022 21:00,25.01499331,57.38120407,1427.66253,0,Off,Off,9.425548969,Thursday,No,67.17457319
1/18/2022 22:00,21.46614366,43.33701786,1629.286975,6,Off,On,3.405497137,Tuesday,No,67.2612066
1/18/2022 23:00,24.41325948,51.69606743,1781.984072,7,On,Off,10.42425779,Friday,Yes,80.34560179
1/19/2022 0:00,26.63483209,59.35682411,1254.553197,1,Off,Off,9.951708145,Saturday,No,77.04056885
1/19/2022 1:00,27.52960508,59.79625782,1624.014307,7,Off,On,27.23630977,Monday,Yes,95.40295969
1/19/2022 2:00,20.42362322,46.83908812,1696.395184,1,On,Off,28.96250903,Sunday,No,67.29060456
1/19/2022 3:00,29.19613111,41.38775947,1010.271709,6,On,On,11.89971773,Monday,Yes,86.07540331
1/19/2022 4:00,29.13227847,50.81024194,1693.758951,9,On,Off,11.83446183,Tuesday,Yes,91.00712228
1/19/2022 5:00,21.11310768,58.70466869,1226.670812,2,Off,On,8.584429357,Tuesday,Yes,66.91801211
1/19/2022 6:00,24.96637837,53.28907382,1007.709109,6,On,Off,9.343775959,Friday,Yes,67.80192845
1/19/2022 7:00,22.76358104,57.97721769,1185.390827,9,Off,On,7.432685586,Monday,Yes,72.79116254
1/19/2022 8:00,24.65059223,54.45885405,1703.84431,7,On,Off,15.96667747,Tuesday,Yes,73.71892623
1/19/2022 9:00,22.40957471,38.40546242,1474.645842,3,On,On,18.31124595,Saturday,No,73.95422053
1/19/2022 10:00,27.41253712,44.60920859,1490.145319,1,Off,On,5.442467943,Wednesday,No,79.623972
1/19/2022 11:00,28.03331127,39.36721114,1594.42341,5,Off,On,29.80095033,Saturday,No,88.68436419
1/19/2022 12:00,23.50882583,33.04746761,1886.088796,8,Off,On,14.2993737,Wednesday,Yes,81.29991311
1/19/2022 13:00,23.14529562,47.35694107,1452.726403,7,Off,On,29.38193608,Thursday,Yes,70.67916602
1/19/2022 14:00,22.4308629,54.41348794,1504.029887,5,Off,On,24.67478243,Thursday,No,65.17124624
1/19/2022 15:00,20.5837765,51.74602879,1297.638692,3,On,Off,0.05983742,Thursday,No,63.86954231
1/19/2022 16:00,25.67165777,59.9690849,1898.175481,6,Off,Off,27.63577613,Friday,Yes,76.93700355
1/19/2022 17:00,27.88745418,38.85588182,1881.740253,0,Off,On,13.75158617,Sunday,No,77.43531155
1/19/2022 18:00,22.61263206,50.44744233,1366.206947,9,On,Off,19.58910232,Sunday,Yes,77.03777489
1/19/2022 19:00,20.12873758,57.8440496,1318.184388,2,On,Off,11.97647666,Friday,No,61.49886156
1/19/2022 20:00,25.48045246,58.39451438,1098.495788,9,On,Off,23.08751424,Friday,No,87.88863081
1/19/2022 21:00,20.22008677,44.55551097,1586.284522,2,Off,Off,8.202103136,Sunday,No,61.89641477
1/19/2022 22:00,23.79675776,31.88548758,1751.071609,7,On,On,28.31338441,Friday,No,94.62784882
1/19/2022 23:00,24.25022001,53.40318871,1221.61863,1,On,On,3.64897761,Sunday,Yes,77.2202848
1/20/2022 0:00,25.38331636,54.19772355,1994.853234,1,Off,On,17.17571798,Saturday,No,68.56086334
1/20/2022 1:00,22.51423493,50.69597173,1916.294314,9,On,Off,13.50053424,Sunday,No,73.59698894
1/20/2022 2:00,26.53522213,55.30383545,1648.500813,5,Off,On,11.16635452,Tuesday,No,77.94474788
1/20/2022 3:00,21.84477077,41.69973154,1485.210487,7,On,Off,6.622047897,Thursday,No,69.71608825
1/20/2022 4:00,25.81597115,30.34082967,1040.028115,9,On,On,28.98912492,Friday,Yes,92.01258749
1/20/2022 5:00,29.19125943,55.32728849,1398.695687,3,Off,On,26.77566887,Monday,No,83.41231082
1/20/2022 6:00,22.86227737,55.55803837,1907.760308,7,On,On,8.730163809,Sunday,Yes,82.21564365
1/20/2022 7:00,22.09146787,38.18216646,1995.022126,9,Off,On,25.72118618,Friday,No,78.21117089
1/20/2022 8:00,25.20486973,49.45994888,1241.413741,1,Off,On,15.97805459,Wednesday,No,78.13600126
1/20/2022 9:00,20.88886176,59.09974653,1507.616993,6,Off,On,19.26064237,Sunday,No,70.75779857
1/20/2022 10:00,25.50427212,35.8839186,1124.708975,9,On,Off,1.974490791,Friday,Yes,84.90688052
1/20/2022 11:00,28.58080683,33.99381185,1000.512661,7,On,Off,8.950458671,Tuesday,No,83.57237386
1/20/2022 12:00,25.35449118,32.51025353,1675.291101,9,Off,Off,22.53403269,Friday,No,70.11778995
1/20/2022 13:00,26.91661974,58.22492691,1710.715044,5,On,Off,3.7024685,Friday,Yes,81.28468118
1/20/2022 14:00,22.6311935,42.59497914,1360.019927,7,Off,On,29.39343107,Sunday,Yes,71.89785868
1/20/2022 15:00,24.07722805,41.70972108,1014.006525,5,On,Off,23.12484986,Tuesday,No,78.212713
1/20/2022 16:00,23.06624697,47.45438787,1103.750573,7,Off,Off,14.90275102,Sunday,No,67.07114719
1/20/2022 17:00,23.77358185,32.34948185,1628.923442,7,On,On,8.094987416,Thursday,Yes,79.52856104
1/20/2022 18:00,29.16531215,43.19246452,1862.343123,7,Off,Off,11.49583851,Monday,Yes,83.78413525
1/20/2022 19:00,28.85697933,43.21711458,1270.205835,0,Off,Off,22.09853487,Monday,No,81.52320358
1/20/2022 20:00,23.35525104,34.59419928,1693.337432,1,Off,Off,25.08750012,Wednesday,No,66.4631671
1/20/2022 21:00,29.47650955,59.13668675,1347.954847,3,Off,On,10.70955725,Sunday,Yes,81.99562721
1/20/2022 22:00,25.64670422,46.7606326,1462.70773,6,Off,Off,10.58150435,Saturday,No,70.238805
1/20/2022 23:00,26.78585363,43.35657188,1342.958609,4,On,Off,19.33282547,Sunday,Yes,77.7780265
1/21/2022 0:00,22.24105023,46.78361991,1554.435467,0,On,Off,25.89266426,Friday,No,77.80850874
1/21/2022 1:00,27.2582908,31.27458878,1396.948505,7,On,On,23.38635921,Saturday,Yes,85.2818833
1/21/2022 2:00,27.57310072,53.88959534,1113.794779,2,Off,On,9.60156874,Saturday,No,81.99774141
1/21/2022 3:00,21.70943011,50.93599407,1606.206713,1,Off,On,25.26085017,Tuesday,Yes,69.42614283
1/21/2022 4:00,20.81959506,34.90823967,1717.032414,4,Off,On,1.426716049,Saturday,No,57.96891359
1/21/2022 5:00,25.64877142,32.88701857,1399.459378,1,Off,On,12.25487748,Tuesday,No,70.76654656
1/21/2022 6:00,26.76074045,56.62790546,1934.205055,4,On,On,17.90765764,Tuesday,Yes,84.2199785
1/21/2022 7:00,20.71470807,43.19619849,1952.454394,0,On,On,10.22523016,Saturday,Yes,74.60538131
1/21/2022 8:00,29.82885078,30.69157952,1882.757271,3,On,Off,19.20943879,Sunday,Yes,91.11998054
1/21/2022 9:00,20.35401326,41.20446873,1964.881463,5,On,On,10.80510341,Wednesday,No,69.31099721
1/21/2022 10:00,29.2548335,41.23644932,1603.613239,7,Off,On,3.426990005,Wednesday,Yes,88.32121632
1/21/2022 11:00,20.50449561,31.59744178,1066.921262,6,On,On,23.430143,Saturday,No,70.72099947
1/21/2022 12:00,27.06595807,35.08513081,1855.556819,5,Off,Off,13.09706377,Tuesday,No,75.0431186
1/21/2022 13:00,28.70614547,59.50292369,1491.640157,0,Off,On,25.08359738,Thursday,No,85.45715503
1/21/2022 14:00,21.93223455,32.23320838,1680.820433,4,Off,Off,10.38060078,Sunday,Yes,69.00907715
1/21/2022 15:00,21.30169407,45.6161486,1290.286958,7,Off,Off,4.419866704,Wednesday,Yes,63.58213875
1/21/2022 16:00,25.65729226,32.02457715,1102.345343,8,On,On,4.807573224,Wednesday,No,78.28346942
1/21/2022 17:00,29.42690707,34.293824,1848.496462,2,Off,On,11.44238069,Thursday,No,93.95894452
1/21/2022 18:00,21.20819601,35.82143844,1524.544162,7,On,Off,16.38252982,Tuesday,No,74.99537375
1/21/2022 19:00,28.98691589,56.14187116,1929.157529,8,On,Off,24.96158692,Thursday,No,87.42146757
1/21/2022 20:00,23.70867172,46.33539364,1861.606294,1,Off,On,26.65257514,Monday,No,75.57152421
1/21/2022 21:00,22.77245268,56.61673658,1465.628128,7,On,Off,22.59954472,Tuesday,Yes,70.46552358
1/21/2022 22:00,27.31995453,48.88795919,1709.051942,8,Off,Off,11.6037092,Tuesday,No,75.27844824
1/21/2022 23:00,25.89773605,36.01358111,1122.639705,7,On,On,29.60782524,Sunday,No,80.1690479
1/22/2022 0:00,22.85292813,55.47826146,1709.65207,6,On,Off,6.316337851,Saturday,No,78.620403
1/22/2022 1:00,27.90983128,36.87131716,1263.0446,7,Off,Off,23.41027736,Saturday,No,97.77348782
1/22/2022 2:00,25.98901531,33.47290892,1303.009499,7,On,Off,12.92097119,Friday,No,79.54992428
1/22/2022 3:00,24.53215975,50.02625154,1913.06487,3,On,Off,14.10862449,Wednesday,No,82.55820359
1/22/2022 4:00,21.73892538,50.94222842,1546.31061,1,On,Off,27.59773484,Monday,Yes,69.58620609
1/22/2022 5:00,28.36730826,34.45275169,1003.941513,3,Off,Off,26.56008676,Saturday,No,82.95555694
1/22/2022 6:00,29.3740347,41.53918388,1931.659917,2,On,Off,10.50557905,Friday,No,83.34177682
1/22/2022 7:00,26.39412276,46.33224109,1551.590741,0,Off,Off,6.622421888,Tuesday,Yes,77.12419833
1/22/2022 8:00,29.45924011,48.61166365,1584.00894,8,On,On,15.49275748,Saturday,No,81.39080271
1/22/2022 9:00,22.77897688,58.86949405,1639.489427,8,Off,On,24.87228847,Tuesday,No,80.91405726
1/22/2022 10:00,24.16545478,42.69914005,1256.691202,9,Off,On,7.088012583,Wednesday,No,81.62875783
1/22/2022 11:00,27.456365,35.45969199,1085.021702,4,On,Off,22.10297393,Friday,No,84.06315253
1/22/2022 12:00,28.22655098,55.03165228,1186.695924,6,Off,On,20.92728672,Friday,Yes,77.26334147
1/22/2022 13:00,21.6914656,31.97019731,1616.619581,8,Off,Off,11.19871991,Saturday,No,65.41066233
1/22/2022 14:00,20.61166963,47.64144714,1949.292151,8,Off,Off,4.928456791,Sunday,No,67.2282414
1/22/2022 15:00,27.32358567,53.02787314,1036.370149,9,On,On,2.029380388,Tuesday,Yes,85.58282095
1/22/2022 16:00,21.00811341,50.3505054,1362.582964,8,On,Off,4.140942681,Tuesday,No,67.84233024
1/22/2022 17:00,26.13529094,48.49872944,1303.715986,8,On,On,5.667656191,Thursday,Yes,86.92061128
1/22/2022 18:00,20.41762696,48.92376372,1066.276352,9,On,Off,17.3616373,Friday,No,63.97861756
1/22/2022 19:00,25.55588368,30.91822133,1624.087156,6,On,Off,2.898355219,Thursday,Yes,69.70390192
1/22/2022 20:00,23.90094697,56.63156075,1105.110074,9,Off,Off,13.60724886,Monday,No,77.9318965
1/22/2022 21:00,27.45701773,54.87052903,1739.781816,2,Off,On,24.88431776,Thursday,No,79.51141828
1/22/2022 22:00,28.98518472,35.10925352,1706.919205,9,On,Off,7.483883178,Tuesday,Yes,83.98375304
1/22/2022 23:00,24.97811892,44.41369304,1149.498911,0,On,On,19.69517848,Friday,No,76.87445075
1/23/2022 0:00,26.82515935,42.24191941,1882.687156,6,On,Off,22.32286068,Monday,No,84.75911327
1/23/2022 1:00,20.83866999,49.06206117,1573.09416,0,Off,On,4.227641939,Wednesday,Yes,64.29007163
1/23/2022 2:00,22.67116048,56.81287521,1710.278843,3,Off,Off,13.99723602,Saturday,Yes,70.31639321
1/23/2022 3:00,22.23170635,37.79484736,1981.680007,4,On,Off,25.48587473,Thursday,Yes,77.43243518
1/23/2022 4:00,29.00790109,48.09887547,1702.689466,4,Off,Off,20.52733027,Tuesday,Yes,70.54726071
1/23/2022 5:00,20.24928813,45.18328078,1711.572363,8,Off,Off,27.24070767,Friday,Yes,62.90256675
1/23/2022 6:00,22.34551324,40.65803432,1169.260923,4,Off,On,5.558667318,Sunday,Yes,70.17027036
1/23/2022 7:00,22.03977721,33.4608652,1991.131663,7,Off,Off,4.570970148,Friday,Yes,64.79217173
1/23/2022 8:00,29.62762014,36.32525811,1690.390948,0,On,Off,12.44511088,Saturday,No,75.91140009
1/23/2022 9:00,27.77170992,46.42582654,1110.948113,2,Off,On,10.2657279,Wednesday,Yes,82.73357614
1/23/2022 10:00,23.99317174,43.65664413,1330.671568,0,Off,On,27.65706985,Sunday,No,77.76876947
1/23/2022 11:00,24.9167516,57.3094069,1827.170249,8,Off,Off,11.40386295,Monday,Yes,82.76628313
1/23/2022 12:00,20.07631634,32.70604129,1173.854976,2,Off,Off,26.46885762,Saturday,Yes,62.81838028
1/23/2022 13:00,25.73555306,40.63080081,1022.718464,6,Off,On,1.905254132,Thursday,No,75.72856417
1/23/2022 14:00,22.55587666,57.61749615,1199.435651,1,Off,On,26.31435419,Sunday,Yes,67.26286911
1/23/2022 15:00,23.19063908,59.02179515,1868.221293,3,On,On,8.784361316,Tuesday,No,76.19931217
1/23/2022 16:00,20.56209591,52.34813063,1982.000305,6,Off,On,29.4570679,Saturday,Yes,68.33142349
1/23/2022 17:00,23.33355641,49.39029642,1490.274452,7,On,Off,23.60726094,Thursday,No,78.51244626
1/23/2022 18:00,25.52497335,37.24876762,1087.803992,5,Off,Off,8.686977364,Sunday,Yes,79.2106342
1/23/2022 19:00,26.06015213,40.42323481,1318.388773,7,Off,Off,27.50286125,Thursday,Yes,83.16661078
1/23/2022 20:00,20.47820144,45.56656978,1545.840723,8,Off,On,11.02405497,Monday,No,68.44765377
1/23/2022 21:00,24.41924825,33.13297868,1324.081824,5,Off,On,11.94549431,Tuesday,Yes,76.37434527
1/23/2022 22:00,22.34676878,43.93800228,1950.881705,8,Off,On,14.72861461,Tuesday,Yes,74.83286863
1/23/2022 23:00,25.32515974,44.76713008,1083.10658,3,On,On,6.777270583,Tuesday,Yes,85.39366027
1/24/2022 0:00,29.61874729,43.25552363,1236.923738,2,Off,On,6.478536469,Saturday,No,79.28492244
1/24/2022 1:00,22.99213053,44.1708505,1726.351073,2,Off,On,29.68045534,Thursday,Yes,71.94351919
1/24/2022 2:00,25.91264759,57.48034314,1004.454695,3,Off,Off,18.32801914,Monday,Yes,66.26580447
1/24/2022 3:00,22.1457482,52.81902539,1832.676208,9,Off,On,4.25927504,Monday,No,74.84384966
1/24/2022 4:00,24.61844836,42.8275436,1074.650351,8,Off,Off,12.74446139,Tuesday,No,82.97112009
1/24/2022 5:00,23.52624152,44.68224481,1139.804809,6,On,On,7.639175535,Monday,No,77.94264066
1/24/2022 6:00,24.31613807,47.10086831,1895.41013,6,Off,Off,15.26563852,Monday,No,71.99854881
1/24/2022 7:00,21.32277028,42.4984518,1901.62942,6,Off,Off,0.114067135,Saturday,No,58.09700996
1/24/2022 8:00,20.63740943,31.22942184,1013.748555,2,Off,Off,12.88185964,Wednesday,Yes,57.28563889
1/24/2022 9:00,26.603752,33.57893594,1868.403464,3,On,On,0.391682764,Saturday,Yes,88.21238719
1/24/2022 10:00,24.08231099,45.69835984,1122.185312,3,Off,Off,24.08390999,Thursday,Yes,69.10618927
1/24/2022 11:00,29.17552052,47.29986557,1861.230945,2,Off,Off,16.56392771,Thursday,Yes,80.22231202
1/24/2022 12:00,25.41129368,37.16071763,1888.505497,9,On,On,19.27505214,Sunday,Yes,77.9120336
1/24/2022 13:00,28.78847009,54.58053157,1838.150144,3,On,On,18.99615047,Thursday,Yes,83.02435403
1/24/2022 14:00,29.98666302,56.73242455,1868.631421,1,Off,On,13.20501781,Tuesday,Yes,89.10913859
1/24/2022 15:00,22.99469039,41.8912696,1767.141278,7,Off,On,16.61660813,Monday,No,72.97899309
1/24/2022 16:00,25.87413406,57.99737372,1463.669128,7,Off,On,16.32397694,Friday,No,74.44558893
1/24/2022 17:00,25.82388945,39.30679749,1672.25856,9,Off,On,26.71865429,Saturday,Yes,75.46514845
1/24/2022 18:00,24.11929023,48.55222452,1666.877636,4,On,On,11.13679515,Wednesday,Yes,82.22345612
1/24/2022 19:00,25.02654373,34.21780315,1421.971451,6,Off,On,5.159657929,Sunday,No,77.5364085
1/24/2022 20:00,23.7227527,49.10609795,1785.843659,2,On,Off,19.42620986,Friday,Yes,76.66682706
1/24/2022 21:00,21.10590538,42.67683247,1657.004829,6,Off,Off,13.15871133,Friday,Yes,63.29028849
1/24/2022 22:00,29.89599455,39.33698898,1708.956865,5,Off,On,29.96532734,Friday,No,76.08034763
1/24/2022 23:00,26.14397546,30.22314214,1099.861341,8,Off,Off,9.787738309,Tuesday,No,83.50109663
1/25/2022 0:00,23.91815572,36.10532947,1724.907511,4,On,Off,23.2495524,Thursday,Yes,79.40597495
1/25/2022 1:00,23.03863347,34.69764768,1305.266777,2,On,Off,17.36419316,Tuesday,No,71.4011527
1/25/2022 2:00,22.94066538,49.68406055,1444.886276,8,Off,Off,5.955810312,Monday,Yes,67.62811062
1/25/2022 3:00,27.51967693,59.03372106,1458.92465,3,On,Off,25.2580869,Friday,No,81.04818096
1/25/2022 4:00,20.26763986,58.92163799,1086.861528,5,On,On,17.83824528,Thursday,No,71.22118707
1/25/2022 5:00,20.08366729,50.79167004,1903.853536,6,On,Off,4.551915796,Saturday,No,61.69541944
1/25/2022 6:00,28.32013351,39.4505003,1453.347572,1,On,Off,1.478844136,Sunday,Yes,75.26679367
1/25/2022 7:00,24.22143642,50.19481564,1028.011828,4,On,Off,29.09629002,Friday,No,83.44635557
1/25/2022 8:00,23.55119385,46.79777671,1730.093029,8,On,On,4.720739157,Saturday,No,73.70147659
1/25/2022 9:00,23.3773869,50.07109095,1295.65097,8,On,Off,21.96315206,Saturday,Yes,77.62714607
1/25/2022 10:00,21.85311625,49.34474875,1263.89279,9,Off,On,26.80894867,Thursday,No,77.45296107
1/25/2022 11:00,25.04804121,59.04409493,1095.568874,4,Off,Off,26.00523732,Friday,Yes,80.98899707
1/25/2022 12:00,29.45655853,38.95180521,1145.148189,8,Off,Off,14.52107924,Saturday,No,87.70922567
1/25/2022 13:00,25.29515875,44.99331971,1733.480154,9,On,On,13.80947576,Thursday,Yes,83.50179531
1/25/2022 14:00,22.02544347,51.3766689,1240.747557,6,Off,Off,11.25412169,Wednesday,No,60.39699945
1/25/2022 15:00,28.36227391,42.9274008,1504.06243,3,On,On,8.580510779,Wednesday,No,89.06661082
1/25/2022 16:00,26.24171968,52.45723082,1194.277634,5,Off,On,15.49883469,Sunday,Yes,84.99430222
1/25/2022 17:00,20.82474447,49.27676588,1623.987367,4,On,On,16.46334575,Wednesday,No,79.55022187
1/25/2022 18:00,27.22115684,47.93821554,1056.658137,1,On,On,24.15197618,Monday,Yes,76.85500688
1/25/2022 19:00,20.58737086,31.69018795,1537.554636,2,Off,On,23.30686667,Sunday,Yes,72.36662634
1/25/2022 20:00,24.02871733,47.82407464,1300.183949,8,On,On,6.672894462,Saturday,No,79.43030091
1/25/2022 21:00,25.81290343,30.03266548,1835.348135,4,On,Off,0.929510527,Tuesday,No,85.12667199
1/25/2022 22:00,22.94153218,30.13570643,1677.16098,6,Off,Off,13.01872986,Wednesday,No,72.59865351
1/25/2022 23:00,27.76510015,45.79717917,1615.635891,5,Off,On,9.928099155,Monday,No,77.66773981
1/26/2022 0:00,20.26519121,56.56906089,1889.115081,0,Off,Off,15.64138309,Sunday,No,56.03816283
1/26/2022 1:00,21.43513354,41.04732763,1545.910278,0,On,On,13.25634509,Monday,No,73.1536083
1/26/2022 2:00,24.101968,48.45331094,1968.038717,4,On,On,8.520215596,Thursday,No,75.696393
1/26/2022 3:00,29.22952609,41.08610338,1025.770596,7,On,On,15.85828723,Sunday,No,90.38164565
1/26/2022 4:00,21.77733703,54.10277494,1022.281147,7,Off,Off,7.690359577,Sunday,Yes,64.05448533
1/26/2022 5:00,21.42294505,36.69059473,1525.615214,6,Off,On,12.26652045,Friday,No,62.86345883
1/26/2022 6:00,21.77191052,47.21918181,1176.21019,3,On,On,7.601319095,Thursday,Yes,69.78902813
1/26/2022 7:00,29.31308953,38.91700998,1899.808086,8,Off,On,16.30743887,Tuesday,No,85.05730519
1/26/2022 8:00,26.31211399,51.4087109,1220.547133,8,On,Off,5.986875091,Monday,No,83.88917674
1/26/2022 9:00,28.05680807,52.25362476,1460.180761,6,On,Off,15.01581522,Wednesday,No,79.80724747
1/26/2022 10:00,23.28766175,47.4020651,1586.373927,4,Off,Off,0.481533452,Wednesday,No,62.74215842
1/26/2022 11:00,26.51619923,45.79171927,1551.5956,1,Off,On,26.88702417,Saturday,No,81.94478363
1/26/2022 12:00,29.53130442,35.77293911,1779.468581,6,Off,On,21.40460421,Friday,No,86.11226292
1/26/2022 13:00,28.0762791,45.80842442,1378.703941,5,On,On,19.71074887,Saturday,Yes,76.39956058
1/26/2022 14:00,22.0720629,34.71629823,1421.507672,5,Off,On,21.2361883,Friday,Yes,74.36226288
1/26/2022 15:00,22.7010022,52.32147449,1816.323626,6,Off,On,27.30257337,Monday,No,74.81633189
1/26/2022 16:00,28.49552925,48.86648944,1065.888445,2,On,On,0.290850802,Monday,No,75.9607321
1/26/2022 17:00,23.22451571,52.98828573,1370.449256,9,On,Off,3.39087719,Saturday,Yes,74.44139857
1/26/2022 18:00,23.10186875,34.10068379,1769.089196,6,Off,Off,24.72433439,Saturday,No,62.1121358
1/26/2022 19:00,28.21189889,50.8442512,1359.180489,6,On,On,1.381942659,Monday,No,92.77187827
1/26/2022 20:00,24.60783435,32.12362494,1935.593889,8,On,Off,26.161344,Saturday,Yes,80.91361624
1/26/2022 21:00,23.37363056,53.558275,1685.599947,1,On,Off,15.33712165,Thursday,Yes,67.39138577
1/26/2022 22:00,23.66961568,56.52905015,1818.693475,2,On,Off,23.67497712,Friday,No,75.60212741
1/26/2022 23:00,22.82818145,47.9078551,1665.08518,2,On,On,29.09988231,Saturday,No,76.45718677
1/27/2022 0:00,28.59608654,47.40582476,1948.43211,9,Off,On,4.804036093,Saturday,No,81.26777862
1/27/2022 1:00,27.92921656,36.93753669,1372.934607,8,Off,On,25.00533483,Saturday,Yes,91.1499123
1/27/2022 2:00,24.2718963,35.32220516,1006.22767,8,On,Off,8.742295824,Monday,No,79.69723688
1/27/2022 3:00,26.27569837,30.53538987,1152.175049,5,Off,Off,12.98449001,Tuesday,No,73.88836804
1/27/2022 4:00,24.33622382,41.24731776,1826.268691,7,Off,Off,0.217783002,Monday,Yes,74.97644951
1/27/2022 5:00,24.4697235,49.28924731,1956.453497,6,On,On,18.28155379,Monday,No,80.94999011
1/27/2022 6:00,23.70759743,30.0159745,1569.634137,3,Off,Off,23.11676456,Friday,No,63.92393849
1/27/2022 7:00,26.20816715,38.81002666,1717.392851,5,On,On,3.314478693,Thursday,No,80.79109196
1/27/2022 8:00,23.30661431,56.64689276,1521.822119,2,Off,Off,17.13883243,Sunday,No,79.07794499
1/27/2022 9:00,20.25069574,43.91625233,1510.464237,8,On,Off,14.23807109,Friday,No,74.11810022
1/27/2022 10:00,28.34864106,35.0488373,1597.084581,4,Off,Off,3.137707241,Thursday,Yes,78.75148886
1/27/2022 11:00,24.92824931,31.61775716,1203.259015,0,Off,Off,9.400505695,Wednesday,Yes,78.67500496
1/27/2022 12:00,25.97635702,52.77395612,1664.667882,8,Off,On,6.933419679,Saturday,Yes,80.82165747
1/27/2022 13:00,21.78214766,58.58237016,1815.330957,8,On,On,3.522807857,Sunday,Yes,67.27265526
1/27/2022 14:00,26.42216018,36.69538886,1940.011297,1,Off,On,19.451104,Monday,No,66.87386982
1/27/2022 15:00,22.59073736,54.8049518,1368.313436,2,On,Off,19.70981975,Thursday,No,75.02685536
1/27/2022 16:00,20.39815824,30.15323123,1388.291326,3,On,On,12.12717292,Tuesday,Yes,76.22825756
1/27/2022 17:00,20.06749865,30.35182675,1298.047798,0,On,Off,0.069479696,Saturday,No,68.44825119
1/27/2022 18:00,24.13939758,57.57155114,1386.376621,4,Off,On,6.016476686,Monday,Yes,68.74994601
1/27/2022 19:00,23.12054346,50.62743104,1312.232086,9,Off,Off,16.02971042,Saturday,Yes,76.43135425
1/27/2022 20:00,22.20569345,46.23311453,1145.138414,6,Off,Off,3.200662483,Friday,Yes,80.018592
1/27/2022 21:00,29.47707023,59.39622954,1107.771861,3,Off,On,27.54682374,Sunday,No,77.32851081
1/27/2022 22:00,22.9402811,48.55911456,1688.155178,9,Off,Off,0.49891329,Sunday,Yes,73.08128159
1/27/2022 23:00,21.41693098,31.53122161,1303.012304,3,Off,On,14.55090436,Wednesday,Yes,76.4910652
1/28/2022 0:00,27.49746828,31.28281848,1147.797448,4,On,Off,1.143681629,Friday,No,79.28141564
1/28/2022 1:00,27.14986099,45.03310653,1235.933242,0,On,Off,24.0739091,Saturday,Yes,73.47964081
1/28/2022 2:00,26.74814311,31.90025415,1562.890373,2,Off,On,11.30645092,Friday,No,66.33714109
1/28/2022 3:00,26.71214456,40.08637971,1934.255386,4,On,On,14.18807722,Wednesday,Yes,81.85160554
1/28/2022 4:00,29.08707763,55.72124086,1754.81435,6,Off,On,27.55818916,Saturday,No,72.80526955
1/28/2022 5:00,28.84601278,43.59978584,1113.071354,4,Off,On,3.798539423,Saturday,Yes,74.51737038
1/28/2022 6:00,24.98257767,38.75725353,1604.799582,4,On,Off,12.10159246,Wednesday,No,75.92716538
1/28/2022 7:00,22.63029042,47.20063031,1685.336077,2,Off,On,7.360209906,Monday,No,73.02425359
1/28/2022 8:00,26.04888942,30.25294912,1206.248841,0,On,On,15.44462115,Tuesday,Yes,81.38526022
1/28/2022 9:00,26.10448921,33.84744735,1072.958067,0,On,Off,25.6528345,Saturday,No,77.79518407
1/28/2022 10:00,24.15038112,45.9592918,1860.450847,5,Off,Off,17.28918961,Wednesday,Yes,64.55218318
1/28/2022 11:00,28.62016185,40.10423706,1824.889671,8,Off,On,20.76663579,Saturday,Yes,81.89011469
1/28/2022 12:00,29.93848322,57.73087569,1596.822747,9,Off,On,28.75192313,Monday,No,90.00918792
1/28/2022 13:00,20.13462281,35.85912281,1417.180376,2,On,Off,28.60954736,Tuesday,No,68.47008334
1/28/2022 14:00,24.21158658,37.95859691,1792.719894,1,On,Off,23.63019023,Sunday,No,79.25731303
1/28/2022 15:00,28.90579614,52.56416466,1533.725387,2,Off,Off,15.95474027,Friday,No,76.83539689
1/28/2022 16:00,27.48661412,37.21532158,1260.061597,6,On,On,28.05219014,Thursday,Yes,88.5772787
1/28/2022 17:00,22.73250707,38.51530366,1759.967378,8,On,Off,15.87997179,Tuesday,Yes,73.28393544
1/28/2022 18:00,20.07164772,48.81124508,1189.142004,1,Off,Off,1.329763114,Saturday,No,68.43520744
1/28/2022 19:00,25.82621305,35.01392772,1770.483045,1,Off,On,8.81532499,Friday,No,74.09351699
1/28/2022 20:00,28.18462274,51.84887743,1964.605688,2,Off,On,27.96473874,Sunday,No,73.20578306
1/28/2022 21:00,27.53830307,36.16511407,1177.41644,9,On,Off,21.02984719,Sunday,Yes,80.45955842
1/28/2022 22:00,28.80974376,31.20860574,1630.52796,6,On,On,19.35249046,Thursday,No,98.76175415
1/28/2022 23:00,20.31491258,44.10449499,1486.554318,4,On,On,16.50687342,Friday,Yes,71.87972003
1/29/2022 0:00,22.13194402,46.87685194,1232.642932,7,On,Off,3.726411068,Thursday,No,77.57159591
1/29/2022 1:00,23.88625337,57.39942543,1745.002694,2,On,Off,3.353160862,Thursday,No,67.96327937
1/29/2022 2:00,21.50292107,59.79044149,1234.090364,0,Off,On,10.36160899,Thursday,Yes,69.33178402
1/29/2022 3:00,22.76553909,41.41677493,1663.855462,0,Off,On,1.118146219,Sunday,No,69.07359499
1/29/2022 4:00,29.64373158,43.95863614,1442.274914,8,Off,On,27.17895039,Saturday,No,98.84375583
1/29/2022 5:00,27.28158675,54.12840021,1571.96486,2,Off,Off,27.9401747,Monday,Yes,79.49779513
1/29/2022 6:00,29.59394449,30.16193994,1994.037441,0,Off,Off,9.764995811,Tuesday,Yes,87.54904071
1/29/2022 7:00,24.75677779,51.30005117,1595.437055,4,On,Off,25.89678778,Friday,Yes,84.95971162
1/29/2022 8:00,21.1459905,48.96701517,1556.135374,7,On,Off,26.67152015,Monday,Yes,69.62319925
1/29/2022 9:00,22.09220846,42.40093957,1908.335885,7,On,Off,16.65400998,Thursday,No,76.42540607
1/29/2022 10:00,25.77166761,54.7639035,1557.767412,8,On,On,27.08401596,Thursday,Yes,89.20534468
1/29/2022 11:00,21.93404128,34.36804731,1071.272882,7,On,On,21.08415685,Friday,No,74.95950368
1/29/2022 12:00,29.19925331,48.58511628,1446.907709,9,Off,On,21.01529962,Monday,Yes,91.70325794
1/29/2022 13:00,23.70223919,51.28069807,1784.531157,9,On,Off,18.60104015,Monday,No,73.09132362
1/29/2022 14:00,29.56555395,56.3245426,1619.482956,3,On,On,16.55026525,Sunday,Yes,92.85040373
1/29/2022 15:00,27.0752844,46.22075991,1284.991519,7,On,On,16.76028962,Thursday,No,86.26883864
1/29/2022 16:00,20.4384641,47.20201305,1336.628039,6,On,On,25.11936494,Monday,Yes,77.55394617
1/29/2022 17:00,29.03895699,48.46870704,1860.183982,6,Off,Off,23.78581753,Sunday,No,78.92474327
1/29/2022 18:00,26.43328931,53.38540225,1194.383289,3,On,On,1.711850589,Monday,No,74.38816585
1/29/2022 19:00,27.99273037,32.15155706,1247.938426,4,On,Off,15.14034572,Thursday,No,89.49271922
1/29/2022 20:00,29.07053309,41.48872021,1944.6763,0,On,On,7.615901217,Thursday,Yes,79.78630032
1/29/2022 21:00,23.57979168,30.50283984,1680.042189,2,On,On,4.268375557,Monday,No,79.60206955
1/29/2022 22:00,24.26128135,37.77295911,1093.71714,8,On,Off,25.44222327,Tuesday,No,74.92464777
1/29/2022 23:00,26.11811557,43.02256194,1576.980679,2,Off,Off,5.33545801,Monday,No,69.36561644
1/30/2022 0:00,20.00756508,41.51952182,1076.432493,0,On,On,22.88154113,Saturday,No,69.73709713
1/30/2022 1:00,27.82597661,41.21234535,1076.431966,0,On,On,7.632546118,Wednesday,Yes,83.06354934
1/30/2022 2:00,29.42914999,34.76474987,1199.580151,4,On,Off,28.00992028,Thursday,No,78.13585396
1/30/2022 3:00,29.99258027,48.8872186,1626.000334,8,Off,Off,24.10197278,Monday,No,85.89515636
1/30/2022 4:00,28.0511284,51.93560522,1769.601902,3,Off,Off,24.02927935,Monday,Yes,75.90956928
1/30/2022 5:00,27.98085466,59.30435197,1891.048804,5,Off,Off,23.71194726,Sunday,No,76.66893628
1/30/2022 6:00,26.30848125,44.76515492,1431.949616,4,On,Off,22.13542534,Saturday,Yes,82.96533967
1/30/2022 7:00,29.54518117,47.0495955,1214.06458,3,Off,On,21.80838497,Monday,No,83.01619775
1/30/2022 8:00,23.15739485,47.70455229,1812.795726,3,On,Off,6.881748331,Monday,Yes,79.12372535
1/30/2022 9:00,21.63769047,56.53215874,1235.612294,4,On,On,3.081124652,Tuesday,No,75.31283757
1/30/2022 10:00,29.61477902,37.12314738,1665.729592,1,On,Off,3.37820687,Wednesday,Yes,88.20706667
1/30/2022 11:00,22.76211606,52.29216678,1465.763707,1,Off,On,24.99493609,Friday,No,73.55905181
1/30/2022 12:00,22.65961907,45.55197539,1173.140649,6,On,Off,10.93054212,Friday,No,77.84733818
1/30/2022 13:00,26.98139325,59.45697848,1652.144627,0,On,Off,7.693715014,Wednesday,Yes,80.05988642
1/30/2022 14:00,21.9612164,54.98949619,1947.495425,1,On,On,5.472510924,Monday,No,73.86273288
1/30/2022 15:00,23.11439431,49.68643212,1422.139427,3,On,Off,14.50390537,Wednesday,Yes,72.58267636
1/30/2022 16:00,27.62508301,34.41915558,1903.19388,6,Off,On,21.23006486,Friday,Yes,85.14000481
1/30/2022 17:00,26.61184066,57.42525064,1084.439339,5,Off,On,9.150786483,Friday,Yes,75.80524544
1/30/2022 18:00,23.29927367,44.4095084,1103.29906,4,On,Off,14.59263794,Tuesday,No,70.55942711
1/30/2022 19:00,22.31054301,57.01196737,1898.212785,3,On,On,15.75946474,Friday,No,73.41356806
1/30/2022 20:00,29.8808975,51.59409018,1988.848559,2,Off,On,6.949313817,Saturday,Yes,81.75602367
1/30/2022 21:00,27.99737167,51.60868413,1747.426437,3,On,Off,25.49011305,Saturday,No,86.77321944
1/30/2022 22:00,25.1697362,40.8469461,1466.322976,2,On,On,14.29810831,Friday,Yes,67.21609542
1/30/2022 23:00,24.4959837,58.3705951,1747.487264,0,Off,Off,20.05985864,Wednesday,No,71.72715986
1/31/2022 0:00,26.33692121,59.95006001,1516.901911,5,On,On,3.71584517,Wednesday,No,82.49632389
1/31/2022 1:00,27.6078765,58.64581142,1577.661799,1,On,Off,0.064392683,Tuesday,Yes,76.73768632
1/31/2022 2:00,26.52983759,51.7401741,1029.736174,3,On,On,25.28946212,Sunday,Yes,93.21841405
1/31/2022 3:00,21.90527218,56.23338145,1149.302506,1,Off,On,5.031505203,Friday,Yes,78.39455065
1/31/2022 4:00,24.4700076,56.05588795,1495.77513,4,Off,Off,22.58215551,Saturday,No,68.49891728
1/31/2022 5:00,26.03592884,54.84866881,1473.133317,5,On,Off,4.99155675,Wednesday,No,73.6236893
1/31/2022 6:00,27.62168629,57.46459561,1294.080096,1,On,Off,23.02680345,Thursday,No,84.160067
1/31/2022 7:00,23.6596954,34.09427409,1403.372667,0,Off,On,20.59235706,Monday,No,71.95239612
1/31/2022 8:00,28.25368793,53.14133165,1940.898819,0,Off,On,13.74323809,Saturday,No,86.85307892
1/31/2022 9:00,23.29192838,52.13917932,1249.739717,2,On,Off,23.0348828,Sunday,Yes,76.96119913
1/31/2022 10:00,23.5129095,38.97781597,1810.873506,1,Off,Off,3.122483823,Tuesday,No,64.73408496
1/31/2022 11:00,20.81844856,39.28792343,1734.923226,4,Off,On,24.29104501,Thursday,Yes,60.7193492
1/31/2022 12:00,24.25857106,32.2108027,1210.19964,1,On,Off,2.057831862,Monday,Yes,79.53641349
1/31/2022 13:00,22.85909309,54.96598679,1582.262685,2,Off,Off,19.46665141,Tuesday,Yes,71.89591789
1/31/2022 14:00,27.87288335,57.02119197,1280.510465,2,On,Off,3.293067266,Saturday,Yes,82.29880062
1/31/2022 15:00,28.82222696,36.07354818,1581.552768,9,On,Off,28.18490277,Tuesday,Yes,86.26459142
1/31/2022 16:00,26.48049983,46.17822621,1723.844219,1,On,Off,2.051055084,Saturday,Yes,77.18138143
1/31/2022 17:00,27.18535073,33.58135304,1457.566456,4,On,Off,4.312260963,Wednesday,No,88.35160575
1/31/2022 18:00,28.10871692,38.08648857,1933.547757,0,On,On,26.07401407,Tuesday,Yes,79.66830962
1/31/2022 19:00,24.6781592,50.18479375,1896.721444,6,Off,On,7.288807657,Thursday,No,75.38754514
1/31/2022 20:00,25.15402358,37.5934891,1869.598548,6,Off,On,5.176600387,Monday,Yes,79.43136341
1/31/2022 21:00,27.91915847,59.95451433,1511.28147,8,Off,On,3.736501175,Saturday,Yes,90.89850706
1/31/2022 22:00,20.48190843,35.04549569,1897.456585,3,Off,On,19.67228992,Saturday,Yes,58.82047314
1/31/2022 23:00,21.15826452,59.85922164,1534.536862,0,Off,On,20.57034941,Thursday,Yes,63.87592666
2/1/2022 0:00,28.18426786,41.70193861,1861.876333,3,On,Off,0.487669978,Monday,Yes,92.37619236
2/1/2022 1:00,26.98344484,45.60342019,1394.257175,5,Off,On,12.69688228,Sunday,No,78.40883004
2/1/2022 2:00,21.53636417,54.3755332,1740.047837,4,Off,Off,24.01940251,Thursday,No,67.42856121
2/1/2022 3:00,28.08994591,42.00546784,1808.636055,6,Off,Off,0.993962545,Friday,No,72.9578297
2/1/2022 4:00,27.89823981,41.32992612,1354.572236,9,On,Off,14.30594208,Wednesday,No,84.57865297
2/1/2022 5:00,28.29512342,42.78462937,1141.161725,1,Off,Off,9.487899038,Monday,Yes,61.49139445
2/1/2022 6:00,27.56570566,41.41368171,1300.93175,8,On,Off,28.1739427,Sunday,Yes,88.92697402
2/1/2022 7:00,20.54478495,44.47699544,1299.80932,9,On,Off,1.057615136,Tuesday,Yes,73.0502524
2/1/2022 8:00,26.00147198,38.5981292,1825.595686,7,On,On,9.576102869,Saturday,Yes,81.88643449
2/1/2022 9:00,21.21202867,53.08541654,1959.698367,1,Off,Off,15.45778204,Sunday,No,58.24209602
2/1/2022 10:00,24.39756444,58.18814022,1562.44498,4,On,On,20.73172749,Saturday,Yes,75.12129223
2/1/2022 11:00,29.29766307,47.35110332,1035.00381,7,Off,Off,1.022636092,Friday,No,85.90455016
2/1/2022 12:00,25.60155207,56.72951451,1667.728883,3,Off,On,16.45540058,Sunday,No,76.74886744
2/1/2022 13:00,24.67189417,38.46964242,1319.526097,1,Off,On,1.120455214,Thursday,Yes,64.20732945
2/1/2022 14:00,20.22512832,58.49865436,1590.286479,5,Off,Off,22.93203166,Thursday,No,56.84982855
2/1/2022 15:00,29.65387961,33.01159595,1369.811273,0,On,Off,28.74112043,Tuesday,No,87.79268635
2/1/2022 16:00,25.65096293,56.06640845,1737.559705,5,Off,Off,0.326533601,Sunday,Yes,71.45984362
2/1/2022 17:00,25.64901832,57.80122107,1126.820227,6,Off,Off,15.29149989,Sunday,No,73.97684043
2/1/2022 18:00,24.71825504,59.49961628,1269.549771,8,On,Off,26.24111213,Monday,Yes,76.2676269
2/1/2022 19:00,28.89368236,44.8281134,1834.51556,7,On,Off,19.04732114,Saturday,Yes,90.01825906
2/1/2022 20:00,25.21536687,58.63396635,1604.793485,5,Off,On,14.73493704,Saturday,No,79.76646361
2/1/2022 21:00,24.58577372,36.11300246,1210.536458,5,On,Off,27.44401729,Saturday,No,87.17029521
2/1/2022 22:00,24.37595288,34.52068966,1401.960387,9,Off,On,0.72938953,Wednesday,Yes,80.8706171
2/1/2022 23:00,26.25227595,46.65924798,1616.263003,8,On,Off,8.268862334,Wednesday,No,88.0844892
2/2/2022 0:00,25.43132664,45.75602508,1664.427108,2,On,Off,4.518700212,Saturday,Yes,75.22014747
2/2/2022 1:00,29.64991726,56.29287036,1113.909448,9,Off,On,29.5350628,Friday,Yes,81.22613097
2/2/2022 2:00,24.01919803,56.04866518,1999.750981,0,Off,On,19.92680296,Thursday,No,72.72344605
2/2/2022 3:00,26.26525293,41.64147115,1827.557055,3,Off,On,9.842528545,Friday,No,87.19432933
2/2/2022 4:00,20.4633694,56.84802551,1071.210545,5,On,On,8.895921992,Wednesday,Yes,75.52459628
2/2/2022 5:00,28.96469791,59.25342593,1974.21547,9,Off,Off,29.82152119,Tuesday,No,86.73987203
2/2/2022 6:00,26.70112471,55.33088024,1803.08856,5,On,On,29.56923907,Saturday,Yes,83.52743894
2/2/2022 7:00,20.08653775,51.56310876,1872.96057,4,Off,Off,16.87585156,Sunday,No,77.28728399
2/2/2022 8:00,25.75469249,49.21120909,1111.392488,1,Off,Off,5.647207551,Friday,No,70.97033275
2/2/2022 9:00,27.30160658,57.97120944,1250.386626,8,Off,Off,3.496471017,Saturday,No,77.3945975
2/2/2022 10:00,23.79870306,57.17028645,1605.730093,7,Off,On,4.209639993,Saturday,Yes,64.48440467
2/2/2022 11:00,23.92643493,56.13283159,1923.904182,0,Off,Off,24.31470404,Tuesday,No,66.07285098
2/2/2022 12:00,20.97384228,31.83859337,1296.114638,6,Off,On,18.32007179,Thursday,No,72.70629944
2/2/2022 13:00,21.51112995,44.12494935,1385.898977,9,Off,On,19.80173925,Tuesday,Yes,70.34077898
2/2/2022 14:00,27.43684094,55.00411303,1346.738945,6,Off,Off,20.3738841,Friday,Yes,81.00413677
2/2/2022 15:00,25.95545736,38.28930151,1580.455245,2,On,Off,28.80033984,Saturday,No,78.44143059
2/2/2022 16:00,23.26761208,57.2826037,1238.535947,3,On,Off,9.54688552,Sunday,Yes,73.09044015
2/2/2022 17:00,21.2291945,39.55323148,1415.605055,7,Off,Off,5.221335898,Wednesday,Yes,67.92958883
2/2/2022 18:00,28.49473798,51.32805727,1321.545419,4,On,On,7.354698263,Tuesday,Yes,91.94462324
2/2/2022 19:00,23.15494774,47.36376617,1164.541117,5,Off,Off,0.515853513,Thursday,No,70.06946029
2/2/2022 20:00,20.65751336,46.07318749,1784.385159,2,Off,On,26.60939251,Thursday,Yes,68.97311366
2/2/2022 21:00,24.18108511,50.47679015,1871.148405,9,Off,On,20.2516797,Sunday,Yes,81.74305152
2/2/2022 22:00,22.71729972,34.686398,1959.069883,6,Off,On,21.79788893,Thursday,No,71.40042116
2/2/2022 23:00,22.96947719,39.75044651,1621.901561,2,On,Off,25.9669266,Sunday,Yes,69.56545394
2/3/2022 0:00,28.72151326,43.15596607,1762.934411,7,On,On,17.35995705,Friday,No,87.72153705
2/3/2022 1:00,26.82303658,39.00066354,1998.439525,3,On,Off,23.66253403,Tuesday,Yes,88.54690592
2/3/2022 2:00,23.62926205,50.65102665,1290.985591,2,On,Off,6.106943607,Wednesday,Yes,74.44998449
2/3/2022 3:00,20.5848909,39.25838878,1831.010382,0,On,On,17.17372536,Monday,No,69.19314438
2/3/2022 4:00,25.50999331,35.47907375,1950.355486,8,Off,Off,23.26903267,Tuesday,No,88.59672326
2/3/2022 5:00,22.76237612,43.31272491,1803.359257,6,On,Off,7.930077246,Sunday,No,73.58727585
2/3/2022 6:00,28.53358765,37.00306503,1697.39912,1,Off,On,7.059706988,Monday,No,75.74823227
2/3/2022 7:00,23.93992593,32.80443406,1712.388364,5,Off,On,14.24899443,Friday,No,73.12946992
2/3/2022 8:00,25.56660939,35.10109143,1535.812088,8,On,Off,3.849353664,Wednesday,No,82.91047044
2/3/2022 9:00,24.08361218,36.4749775,1924.26593,0,On,Off,23.00780546,Thursday,No,68.27240947
2/3/2022 10:00,24.73966175,45.58300764,1668.376681,2,Off,On,20.60776974,Sunday,No,71.58316626
2/3/2022 11:00,20.04435657,30.65218583,1038.83196,1,Off,On,13.50108989,Wednesday,No,67.22109968
2/3/2022 12:00,20.99399431,39.4137876,1294.828186,3,On,Off,28.08948169,Friday,No,80.08033044
2/3/2022 13:00,26.0914733,53.96120022,1722.175642,9,On,Off,19.66573562,Wednesday,No,74.24422105
2/3/2022 14:00,28.01246676,46.21168709,1637.200243,5,Off,On,10.52244804,Sunday,Yes,87.8095251
2/3/2022 15:00,28.54278847,36.45162732,1088.112229,8,On,On,5.477964582,Friday,Yes,86.32516881
2/3/2022 16:00,28.40811945,37.88392171,1457.602245,8,On,On,29.2231606,Monday,Yes,84.79082443
2/3/2022 17:00,22.99570812,45.79452841,1136.12353,3,On,On,15.44953167,Tuesday,No,66.23213007
2/3/2022 18:00,20.83318352,56.66324712,1273.178474,3,On,On,6.310262202,Friday,No,71.54282748
2/3/2022 19:00,25.78323915,51.60966188,1556.77544,7,Off,On,13.1910757,Friday,Yes,79.55821443
2/3/2022 20:00,21.51125823,35.19788862,1420.144998,9,Off,Off,2.779646352,Monday,Yes,62.95025498
2/3/2022 21:00,21.94897546,55.60056774,1514.8019,6,Off,On,27.83673546,Saturday,No,66.18474115
2/3/2022 22:00,26.01488046,35.75740519,1773.019737,0,Off,On,19.55403569,Sunday,Yes,83.07569263
2/3/2022 23:00,25.19169167,47.51943831,1192.604028,2,Off,Off,24.85382425,Wednesday,Yes,71.48229017
2/4/2022 0:00,28.26504543,56.79329233,1932.134583,6,Off,Off,26.31944339,Thursday,No,83.38402609
2/4/2022 1:00,24.50754967,42.9668262,1328.15278,1,Off,On,4.199481156,Monday,Yes,73.26989577
2/4/2022 2:00,24.28871387,48.36744649,1906.023915,7,Off,Off,20.00391199,Tuesday,Yes,70.20728103
2/4/2022 3:00,24.07103614,39.90131155,1312.273287,3,Off,Off,3.735108439,Saturday,No,66.30486305
2/4/2022 4:00,24.10334512,35.692113,1051.090985,0,On,Off,10.88845622,Saturday,No,74.97728056
2/4/2022 5:00,21.57115267,58.05856667,1426.774677,7,Off,On,1.961229419,Thursday,No,74.38874934
2/4/2022 6:00,28.28563924,56.60383216,1961.119962,3,On,On,27.2838793,Tuesday,Yes,86.1223494
2/4/2022 7:00,23.78426829,32.47064633,1352.643047,8,Off,On,6.278132282,Wednesday,Yes,67.89021821
2/4/2022 8:00,21.79774133,52.26493182,1133.230885,3,On,Off,10.27735123,Wednesday,No,75.97826561
2/4/2022 9:00,21.42627021,30.23178866,1942.979692,8,Off,Off,16.0398555,Thursday,Yes,76.68428383
2/4/2022 10:00,29.05297594,40.75143674,1233.309971,2,On,On,27.47079846,Saturday,Yes,83.05468484
2/4/2022 11:00,28.76532891,34.66679754,1739.973327,9,On,Off,29.57115103,Wednesday,No,96.45214337
2/4/2022 12:00,22.54083143,34.84812982,1895.415687,7,Off,Off,15.03844057,Thursday,Yes,80.2060415
2/4/2022 13:00,26.55022702,50.41969838,1113.879294,2,On,Off,8.536276202,Sunday,No,81.2737541
2/4/2022 14:00,28.92838672,41.10289251,1652.328151,9,Off,Off,27.91531848,Sunday,No,88.20566274
2/4/2022 15:00,24.37054662,43.78369053,1358.560009,3,On,Off,26.37559633,Monday,Yes,79.60890866
2/4/2022 16:00,20.64682792,58.47525367,1233.718601,2,Off,On,7.77522818,Thursday,No,61.39888772
2/4/2022 17:00,28.95982956,38.06314508,1191.072617,2,Off,On,23.51337677,Thursday,No,83.78843868
2/4/2022 18:00,28.33608115,47.13751072,1696.002401,0,On,On,18.71482568,Wednesday,Yes,87.35825907
2/4/2022 19:00,29.22900467,56.38316548,1803.776781,1,On,Off,3.412664931,Friday,No,84.58918212
2/4/2022 20:00,26.71843071,32.28247086,1735.317885,5,Off,On,22.30969568,Saturday,Yes,80.05588357
2/4/2022 21:00,24.56759849,42.83672155,1217.023517,9,Off,Off,25.35062564,Thursday,Yes,74.61537841
2/4/2022 22:00,25.38193876,51.10486601,1709.680481,7,Off,On,19.03446367,Friday,Yes,74.86247537
2/4/2022 23:00,29.38146069,44.66527946,1565.560958,8,On,Off,11.19414621,Sunday,Yes,93.15131327
2/5/2022 0:00,28.79814763,44.18603881,1160.507925,6,Off,Off,25.18781921,Wednesday,No,84.37745793
2/5/2022 1:00,26.58033097,46.39039449,1665.325483,2,On,Off,29.74952632,Sunday,Yes,80.01859292
2/5/2022 2:00,29.63049975,47.16853618,1507.91855,9,Off,On,24.39504129,Friday,No,91.62295102
2/5/2022 3:00,28.45055924,32.84903053,1152.232413,2,On,Off,4.758403058,Sunday,Yes,77.514805
2/5/2022 4:00,25.22320755,48.4696707,1930.337804,7,Off,Off,21.17730895,Thursday,No,79.13007292
2/5/2022 5:00,24.09088378,49.08952831,1014.027374,6,Off,On,20.68327012,Friday,No,78.48401742
2/5/2022 6:00,26.71613186,57.34769752,1540.881405,1,Off,On,12.27589386,Thursday,Yes,85.89818605
2/5/2022 7:00,24.00783052,58.4365523,1119.845736,2,On,Off,17.63987847,Monday,Yes,83.4011243
2/5/2022 8:00,25.16829644,40.02654786,1632.958668,2,Off,On,2.36688141,Wednesday,No,63.21657677
2/5/2022 9:00,22.27739106,39.72838496,1458.969229,3,Off,On,25.77595467,Sunday,Yes,73.22462577
2/5/2022 10:00,25.6069144,46.00865182,1777.529556,8,Off,On,3.123197924,Saturday,Yes,81.0498032
2/5/2022 11:00,25.34790012,32.93935539,1806.376492,4,On,On,15.39004349,Monday,Yes,79.19585224
2/5/2022 12:00,28.79738511,44.39125352,1505.012695,3,Off,Off,17.87913625,Sunday,Yes,88.29431992
2/5/2022 13:00,27.51066125,32.42067237,1395.755829,0,On,On,12.3694092,Thursday,Yes,82.97342334
2/5/2022 14:00,21.67499212,35.91682534,1151.428421,8,Off,On,9.79471359,Tuesday,Yes,72.92881578
2/5/2022 15:00,27.88820533,48.11592237,1413.05665,9,Off,On,19.88257834,Thursday,No,81.49782676
2/5/2022 16:00,22.0104221,54.23916765,1558.20286,3,On,On,10.36996687,Wednesday,Yes,69.23100378
2/5/2022 17:00,23.12435844,43.10017333,1369.646669,5,On,Off,26.00157725,Thursday,No,75.86536114
2/5/2022 18:00,29.08737283,37.30496715,1315.389227,0,On,On,28.47273722,Tuesday,No,91.7555391
2/5/2022 19:00,26.04721462,35.85152786,1724.805026,5,Off,Off,23.91339127,Tuesday,Yes,85.13385609
2/5/2022 20:00,26.98789797,56.78537997,1149.656331,0,On,Off,7.502223781,Saturday,Yes,82.56068812
2/5/2022 21:00,21.09688967,47.19790617,1353.003219,9,On,On,28.51762602,Friday,Yes,67.73072438
2/5/2022 22:00,29.74091479,34.11704979,1922.882824,5,On,On,28.43948815,Monday,Yes,96.12930554
2/5/2022 23:00,21.17484269,32.80046311,1119.144616,8,Off,Off,26.39205219,Sunday,No,70.83758873
2/6/2022 0:00,26.60848165,48.62548456,1396.978155,6,On,Off,26.78455779,Friday,No,80.9817078
2/6/2022 1:00,20.03628741,38.68758536,1338.633407,0,On,Off,25.77346515,Thursday,No,65.35606147
2/6/2022 2:00,22.71820691,59.72982547,1727.563495,2,Off,On,13.50220565,Wednesday,Yes,72.0400341
2/6/2022 3:00,24.98107044,40.5971235,1774.370614,1,Off,Off,28.8727748,Tuesday,No,77.12078032
2/6/2022 4:00,21.76691226,53.67990211,1117.851652,7,On,Off,19.92896703,Saturday,No,75.34853571
2/6/2022 5:00,26.33652802,38.57671253,1351.894372,2,Off,Off,4.689326676,Sunday,Yes,71.39760851
2/6/2022 6:00,27.7595366,46.74498699,1676.765749,1,On,On,4.793696323,Thursday,No,86.0852701
2/6/2022 7:00,28.35771876,42.09815575,1974.84366,3,On,Off,14.91297213,Wednesday,No,93.38115408
2/6/2022 8:00,29.95881393,55.97018463,1418.618421,1,On,On,3.530509656,Wednesday,Yes,96.82701547
2/6/2022 9:00,25.04883514,59.93870799,1655.879783,8,On,Off,20.03670502,Friday,Yes,80.88730638
2/6/2022 10:00,22.59529216,33.60949472,1013.537571,1,On,On,18.21754037,Tuesday,Yes,69.22037411
2/6/2022 11:00,24.00912721,45.67662693,1661.566038,5,Off,On,14.08588549,Saturday,No,60.91932103
2/6/2022 12:00,22.36843591,38.06663189,1244.277768,6,On,On,29.36308708,Monday,Yes,75.53856591
2/6/2022 13:00,27.5395163,50.86960692,1202.496283,8,Off,On,13.92389479,Wednesday,No,79.79984375
2/6/2022 14:00,20.2444334,39.79680337,1366.348981,1,On,On,22.4530324,Thursday,No,71.54910417
2/6/2022 15:00,29.01783486,32.13479336,1990.998064,2,On,Off,0.299861663,Saturday,No,84.69091054
2/6/2022 16:00,26.37917495,56.62360535,1504.340134,4,On,On,13.04260615,Monday,No,83.60757994
2/6/2022 17:00,27.13106991,54.30234046,1728.830513,6,On,Off,14.43909714,Wednesday,No,75.65001747
2/6/2022 18:00,24.41123228,38.30052851,1657.394673,1,On,On,28.86479154,Thursday,No,75.87689148
2/6/2022 19:00,24.37962563,39.06644928,1875.185346,6,On,On,3.872284597,Tuesday,No,81.09720609
2/6/2022 20:00,20.68580659,45.27762438,1943.388751,4,Off,On,1.354592639,Friday,Yes,65.30920333
2/6/2022 21:00,26.3028212,38.0277994,1660.824178,3,Off,On,14.86998234,Sunday,Yes,76.12563634
2/6/2022 22:00,23.20812798,50.52298821,1576.650231,8,Off,Off,23.50979269,Friday,No,73.72564333
2/6/2022 23:00,23.46602868,58.22187803,1548.184213,8,Off,Off,5.386863015,Friday,Yes,70.17277014
2/7/2022 0:00,22.46008002,49.59210976,1842.110837,7,On,Off,13.60914322,Monday,Yes,67.46719138
2/7/2022 1:00,21.92434239,46.18612734,1495.470672,5,On,Off,18.03722753,Sunday,No,76.6542085
2/7/2022 2:00,23.97881545,35.23788799,1567.587823,5,Off,On,24.21464207,Tuesday,No,74.08847513
2/7/2022 3:00,22.73120326,52.4317671,1353.693756,3,Off,On,2.744190045,Sunday,No,70.68157322
2/7/2022 4:00,29.67898257,56.63671441,1977.638488,2,Off,On,5.751481334,Sunday,Yes,89.39200619
2/7/2022 5:00,28.34389954,50.74762688,1345.816776,0,Off,Off,29.94471443,Monday,Yes,82.97682702
2/7/2022 6:00,23.75753049,32.63769389,1131.595962,9,On,On,8.015882396,Sunday,Yes,82.21006924
2/7/2022 7:00,21.76140109,32.85550264,1521.870374,2,On,On,16.45020001,Monday,No,73.55268633
2/7/2022 8:00,21.21096323,54.6135702,1698.853156,5,On,On,5.968208256,Wednesday,Yes,77.21726258
2/7/2022 9:00,20.97957693,49.98834659,1495.381761,0,On,On,12.51692594,Wednesday,Yes,75.64266579
2/7/2022 10:00,26.54625073,41.28842309,1870.844367,6,Off,Off,10.21842348,Saturday,No,79.10797905
2/7/2022 11:00,22.6156225,59.66429932,1249.856391,4,Off,On,29.74569347,Sunday,No,72.99207937
2/7/2022 12:00,21.86244659,41.16892155,1858.02594,0,Off,Off,11.79201315,Thursday,No,67.25414246
2/7/2022 13:00,24.52626836,47.72876262,1810.481249,4,On,On,8.670126436,Friday,Yes,80.1329726
2/7/2022 14:00,26.03597935,44.44486873,1558.706039,4,Off,Off,4.739846596,Friday,No,77.54516278
2/7/2022 15:00,22.39082226,41.21184932,1672.363708,8,Off,Off,29.77018612,Sunday,No,73.93699973
2/7/2022 16:00,25.72431059,48.99770537,1839.538794,9,On,Off,28.34469106,Sunday,No,90.68396397
2/7/2022 17:00,28.73921426,40.61356446,1581.028219,8,On,On,17.37571731,Monday,No,84.48618077
2/7/2022 18:00,29.9834779,52.30399569,1493.797729,0,Off,On,1.409984111,Thursday,Yes,74.65312778
2/7/2022 19:00,27.47582658,36.3306621,1013.072714,1,On,Off,22.89163366,Wednesday,No,76.26071512
2/7/2022 20:00,24.21722998,45.40964841,1407.694485,1,Off,Off,8.746844754,Tuesday,Yes,64.04592358
2/7/2022 21:00,22.92128631,45.04984297,1770.6582,4,On,On,19.45268155,Tuesday,Yes,77.31037565
2/7/2022 22:00,21.35151333,48.12040521,1134.805061,6,Off,On,24.55457558,Saturday,No,74.9489798
2/7/2022 23:00,24.34701566,42.80966918,1361.508571,0,On,On,24.44339854,Thursday,Yes,78.70128233
2/8/2022 0:00,29.96655439,40.78798271,1770.718733,9,Off,On,27.68349878,Sunday,No,85.1702409
2/8/2022 1:00,23.89552403,41.99854406,1297.52281,8,On,Off,13.58030644,Wednesday,Yes,83.94589323
2/8/2022 2:00,29.28538259,58.63841889,1681.295623,0,Off,On,18.16163843,Tuesday,No,74.34243804
2/8/2022 3:00,27.22762839,50.83306666,1012.174213,7,Off,Off,16.85458402,Friday,Yes,84.7400975
2/8/2022 4:00,28.98693963,55.72651108,1114.405885,8,On,On,6.215048525,Friday,No,95.57079969
2/8/2022 5:00,25.52046425,51.50257537,1024.292134,1,On,Off,2.405428679,Wednesday,No,79.29740483
2/8/2022 6:00,20.87472443,36.72812961,1736.05894,7,On,Off,27.85375449,Saturday,No,66.56248893
2/8/2022 7:00,23.37897065,55.59427579,1728.007727,6,On,Off,10.96517091,Tuesday,No,83.39737387
2/8/2022 8:00,25.97384509,55.79231404,1958.378935,4,On,Off,3.767237392,Saturday,No,84.07356122
2/8/2022 9:00,22.26456678,40.73575249,1315.024311,1,Off,Off,20.5409058,Friday,Yes,68.01886834
2/8/2022 10:00,25.51182603,57.98447619,1256.27796,6,Off,Off,20.08215862,Friday,No,79.29216969
2/8/2022 11:00,24.37677484,47.06261507,1269.57325,8,Off,Off,16.22260812,Friday,Yes,72.42289482
2/8/2022 12:00,26.77358347,42.8745625,1645.146129,0,Off,On,11.10296293,Wednesday,Yes,78.65715748
2/8/2022 13:00,28.36480086,49.04873986,1766.269521,9,On,On,7.318066703,Tuesday,Yes,92.05846873
2/8/2022 14:00,24.10295422,30.90579841,1214.957598,4,On,On,3.040940518,Friday,Yes,73.4805151
2/8/2022 15:00,21.25701577,35.17672077,1702.494029,1,On,Off,24.24557385,Thursday,Yes,75.18282329
2/8/2022 16:00,23.50914938,50.84867785,1039.048418,0,Off,Off,9.273329852,Monday,Yes,72.96232564
2/8/2022 17:00,22.92890892,31.49945724,1173.191087,1,Off,On,6.904323499,Saturday,Yes,79.48897674
2/8/2022 18:00,20.9666306,57.77128542,1197.554226,6,Off,On,12.17299673,Sunday,No,71.97590774
2/8/2022 19:00,24.8313237,57.25345492,1521.816233,7,Off,Off,21.17786299,Sunday,No,70.05016652
2/8/2022 20:00,29.96347008,45.00621224,1402.850557,6,On,Off,27.55156787,Thursday,Yes,88.62840259
2/8/2022 21:00,22.75723753,36.16652806,1338.993034,9,On,Off,9.301831387,Thursday,Yes,74.72368767
2/8/2022 22:00,29.99867084,40.24384224,1866.074366,3,On,Off,21.10484992,Wednesday,No,86.84048949
2/8/2022 23:00,27.44671039,54.86061809,1072.045538,6,Off,On,16.05162288,Friday,Yes,74.3275063
2/9/2022 0:00,20.27935348,44.4364551,1631.173686,4,On,On,12.66861025,Saturday,No,63.298668
2/9/2022 1:00,29.60794278,53.48252631,1458.125785,0,On,Off,11.73341648,Wednesday,No,90.27979418
2/9/2022 2:00,24.12651879,30.76844334,1855.897367,2,On,Off,28.53311776,Sunday,No,71.0815677
2/9/2022 3:00,21.81587758,44.57454914,1706.634595,0,Off,Off,7.475806636,Sunday,No,65.44361099
2/9/2022 4:00,23.11871542,56.43582098,1069.257637,6,On,On,26.02021318,Saturday,No,72.51223872
2/9/2022 5:00,21.65038824,48.94623968,1928.157762,0,Off,Off,13.49112132,Tuesday,Yes,64.62759468
2/9/2022 6:00,21.11181188,58.7689595,1929.923475,6,On,Off,28.28447642,Thursday,Yes,69.59831785
2/9/2022 7:00,24.80157848,48.89517137,1456.421845,4,On,On,19.82627632,Sunday,Yes,75.91929167
2/9/2022 8:00,28.52216971,39.95780969,1633.900948,3,On,On,10.28731907,Thursday,Yes,90.07860084
2/9/2022 9:00,24.54524303,46.32449446,1776.670019,6,Off,Off,28.88555815,Thursday,No,79.81306116
2/9/2022 10:00,24.77875811,39.14501529,1720.424126,9,Off,Off,14.27638469,Friday,Yes,72.35976106
2/9/2022 11:00,27.58947168,40.46900316,1521.920054,8,Off,Off,8.235998295,Thursday,No,83.13482274
2/9/2022 12:00,22.33810762,52.79628694,1935.580917,5,Off,Off,18.6837544,Friday,Yes,69.88707787
2/9/2022 13:00,28.54320478,34.14247653,1284.661812,5,Off,Off,24.01474337,Saturday,Yes,79.68546683
2/9/2022 14:00,23.15954912,32.39728726,1013.993963,8,On,On,27.02675523,Sunday,Yes,85.9483637
2/9/2022 15:00,25.36081241,53.68370098,1497.781305,2,On,Off,22.44743527,Sunday,Yes,74.2580241
2/9/2022 16:00,27.00329109,42.48058093,1662.270886,9,Off,Off,15.60382902,Wednesday,No,76.35641844
2/9/2022 17:00,25.07977843,35.18174584,1328.48345,1,On,On,28.29048877,Wednesday,Yes,79.6434927
2/9/2022 18:00,26.97346532,33.66250249,1470.13487,9,Off,Off,17.58934854,Saturday,No,70.99655426
2/9/2022 19:00,21.67601269,49.48200699,1020.900764,1,On,On,28.05049478,Saturday,Yes,82.1063365
2/9/2022 20:00,27.65398675,41.17542628,1850.085514,9,On,Off,28.8977131,Friday,No,88.26987975
2/9/2022 21:00,23.82850402,34.2562567,1303.487056,8,On,On,20.99963968,Friday,Yes,83.56867192
2/9/2022 22:00,29.90356446,42.49379181,1677.913622,5,Off,Off,14.89854422,Wednesday,No,86.33804991
2/9/2022 23:00,28.74811635,48.88802887,1999.982252,6,Off,Off,13.31338282,Sunday,Yes,76.76750273
2/10/2022 0:00,26.82476002,44.48031813,1639.72457,0,Off,On,20.64168481,Tuesday,Yes,69.98962714
2/10/2022 1:00,24.19147474,46.78944352,1391.984705,7,Off,On,11.09504436,Tuesday,No,71.83354858
2/10/2022 2:00,22.09821551,40.97286589,1004.110672,4,On,Off,17.96162736,Tuesday,No,76.93341383
2/10/2022 3:00,25.41041221,43.79639912,1988.438474,7,On,On,3.259769336,Friday,Yes,85.93800098
2/10/2022 4:00,21.32140749,49.25173662,1456.138582,0,On,On,8.356039602,Friday,No,73.76491766
2/10/2022 5:00,24.89353003,39.76444688,1171.573759,8,On,On,15.63925603,Tuesday,Yes,81.37491575
2/10/2022 6:00,20.65343141,57.5286737,1887.513008,4,On,On,10.95825475,Tuesday,Yes,64.16044094
2/10/2022 7:00,21.83707121,45.6398194,1256.950175,7,Off,On,23.3073866,Tuesday,No,70.64422481
2/10/2022 8:00,22.64060301,34.75077908,1368.568363,5,On,Off,11.36764106,Wednesday,Yes,77.15619925
2/10/2022 9:00,21.67949307,46.16724229,1780.306629,0,On,On,22.63854344,Tuesday,Yes,67.00711452
2/10/2022 10:00,25.83693571,39.91961121,1365.489673,7,Off,Off,19.96532895,Sunday,Yes,83.07131441
2/10/2022 11:00,28.01843862,31.6070045,1848.972478,7,Off,Off,22.5892811,Friday,No,87.40830975
2/10/2022 12:00,25.0810286,31.30369837,1555.747609,3,Off,Off,5.219766712,Friday,Yes,81.3851548
2/10/2022 13:00,27.41799993,54.11174065,1743.000203,3,Off,On,12.65758932,Friday,No,85.55623558
2/10/2022 14:00,24.57506756,39.76196305,1229.593896,8,Off,On,14.68528091,Tuesday,Yes,71.35978103
2/10/2022 15:00,25.03816646,32.48298031,1591.257028,9,On,On,20.96906343,Sunday,Yes,77.81280294
2/10/2022 16:00,23.6010955,52.29507782,1502.556907,5,Off,Off,11.97459575,Thursday,No,74.00829413
2/10/2022 17:00,21.39132081,49.70370719,1271.287259,4,Off,Off,19.7408747,Sunday,Yes,67.44994385
2/10/2022 18:00,26.77268343,50.96743714,1077.006204,4,Off,On,10.32507507,Thursday,No,87.42884439
2/10/2022 19:00,21.65418894,49.52798955,1404.67691,8,On,Off,8.181562006,Sunday,Yes,73.94489716
2/10/2022 20:00,28.78103161,36.2983093,1153.793053,1,Off,On,25.6128022,Tuesday,No,79.66377871
2/10/2022 21:00,21.26410298,53.10358036,1950.1291,3,On,On,23.58646429,Wednesday,No,67.04524827
2/10/2022 22:00,24.64351697,35.28092919,1728.931522,5,Off,On,27.90264858,Sunday,No,75.1460117
2/10/2022 23:00,23.15849344,40.15090339,1257.691922,7,Off,On,8.46875727,Tuesday,No,68.30644775
2/11/2022 0:00,20.59433697,50.11578099,1359.434898,0,Off,Off,24.28675851,Friday,No,77.43311989
2/11/2022 1:00,28.04502233,47.54905793,1017.976144,3,Off,On,28.68973156,Saturday,Yes,85.27102849
2/11/2022 2:00,22.23694823,31.93671848,1718.346948,5,Off,On,11.37711481,Wednesday,Yes,62.72987332
2/11/2022 3:00,23.90781959,47.47699014,1377.292762,4,On,Off,7.06313,Tuesday,No,73.62123677
2/11/2022 4:00,29.16942055,48.93452837,1804.773016,6,On,On,9.914354977,Thursday,Yes,86.78020327
2/11/2022 5:00,21.39657155,59.67847838,1130.632071,3,Off,Off,19.44168405,Tuesday,Yes,71.77578114
2/11/2022 6:00,22.61967082,33.82695518,1508.402565,6,On,On,27.15259878,Wednesday,No,74.63895632
2/11/2022 7:00,21.99021373,58.50181955,1352.489676,6,Off,Off,6.280063687,Monday,No,64.90307782
2/11/2022 8:00,27.62188333,52.27517309,1853.970923,8,Off,Off,12.00588118,Saturday,Yes,93.63964381
2/11/2022 9:00,28.73284417,44.17064781,1168.937033,9,On,Off,4.099814705,Saturday,No,83.29946207
2/11/2022 10:00,26.65688869,54.16366826,1539.671618,8,On,Off,28.61894505,Friday,No,89.96406418
2/11/2022 11:00,28.6193823,48.85015976,1080.087,5,Off,Off,21.19469566,Saturday,No,82.30669219
2/11/2022 12:00,23.83664678,47.2564355,1705.235156,4,Off,On,25.74817638,Tuesday,Yes,66.57731968
2/11/2022 13:00,23.00534022,48.72050097,1320.285281,6,Off,On,0.297078573,Friday,Yes,72.75347139
2/11/2022 14:00,25.13836489,31.30645921,1309.079719,3,On,Off,20.42516313,Thursday,Yes,76.95038939
2/11/2022 15:00,23.05116487,42.61542133,1018.140606,6,Off,On,2.455657498,Saturday,No,71.54531131
