Rk;Player;Pos;Age;Tm;G;GS;MP;FG;FGA;FG%;3P;3PA;3P%;2P;2PA;2P%;eFG%;FT;FTA;FT%;ORB;DRB;TRB;AST;STL;BLK;TOV;PF;PTS
1;Precious Achiuwa;C;23;TOR;33;9;23;4;8.2;0.489;0.5;2.2;0.254;3.5;6;0.573;0.522;1.9;2.7;0.697;2.1;4.3;6.4;1.1;0.7;0.7;1.2;2.2;10.4
2;Steven Adams;C;29;MEM;42;42;27;3.7;6.3;0.597;0;0;0;3.7;6.2;0.599;0.597;1.1;3.1;0.364;5.1;6.5;11.5;2.3;0.9;1.1;1.9;2.3;8.6
3;Bam Adebayo;C;25;MIA;52;52;35.3;8.6;15.7;0.546;0;0.2;0.091;8.5;15.5;0.552;0.547;4.5;5.5;0.806;2.7;7.3;10.1;3.3;1.2;0.8;2.6;2.8;21.6
4;Ochai Agbaji;SG;22;UTA;35;1;14;1.5;3.2;0.486;0.7;1.9;0.394;0.8;1.3;0.622;0.604;0.3;0.5;0.625;0.6;1;1.6;0.5;0.1;0.1;0.3;1.4;4.1
5;Santi Aldama;PF;22;MEM;52;18;22;3.4;7;0.486;1.4;3.7;0.374;2;3.3;0.61;0.584;1.4;1.9;0.73;1;3.7;4.7;1.2;0.7;0.7;0.7;1.9;9.5
6;Nickeil Alexander-Walker;SG;24;TOT;37;3;14.3;2.2;4.6;0.485;0.9;2.4;0.402;1.3;2.3;0.571;0.588;0.7;1.1;0.692;0.2;1.4;1.6;2.1;0.6;0.4;1.2;1.6;6.2
6;Nickeil Alexander-Walker;SG;24;UTA;36;3;14.7;2.3;4.7;0.488;1;2.4;0.402;1.3;2.3;0.578;0.591;0.8;1.1;0.692;0.2;1.4;1.6;2.1;0.7;0.4;1.3;1.6;6.3
6;Nickeil Alexander-Walker;SG;24;MIN;1;0;2;0;1;0;0;0;0;0;1;0;0;0;0;0;0;1;1;0;0;0;0;0;0
7;Grayson Allen;SG;27;MIL;52;50;27.5;3.4;7.6;0.443;2;4.9;0.403;1.4;2.8;0.514;0.572;1.7;1.9;0.899;0.9;2.5;3.4;2.4;0.8;0.2;1.1;1.6;10.4
8;Jarrett Allen;C;24;CLE;52;52;33.1;6.2;9.4;0.653;0;0.2;0.125;6.1;9.3;0.662;0.654;2.4;3.4;0.709;3.1;6.8;9.9;1.7;0.8;1.2;1.6;2.2;14.7
9;Jose Alvarado;PG;24;NOP;56;9;21.6;3.3;8.1;0.409;1.4;4.1;0.342;1.9;3.9;0.48;0.497;1.2;1.4;0.813;0.4;1.9;2.4;3.1;1.1;0.2;1.4;2;9.2
10;Kyle Anderson;PF;29;MIN;46;31;26;3;6;0.504;0.6;1.4;0.446;2.4;4.6;0.521;0.556;1.6;2.1;0.76;0.8;4;4.7;4;1.2;0.8;1.4;2.2;8.3
11;Giannis Antetokounmpo;PF;28;MIL;45;45;33.3;11.5;21.3;0.542;0.8;3;0.27;10.7;18.2;0.587;0.561;8.5;13.1;0.648;2.4;9.9;12.3;5.4;0.8;0.8;4;3.4;32.4
12;Thanasis Antetokounmpo;SF;30;MIL;24;0;4.1;0.2;0.7;0.235;0;0.2;0;0.2;0.5;0.308;0.235;0.1;0.3;0.5;0.3;0.7;1;0.2;0.1;0.1;0.3;0.5;0.5
13;Cole Anthony;PG;22;ORL;39;3;25.1;4.2;9.5;0.443;1.1;3.3;0.331;3.1;6.2;0.502;0.5;2.5;2.9;0.884;0.6;4;4.6;4.1;0.6;0.6;1.5;2.5;12
14;OG Anunoby;SF;25;TOR;45;45;35.8;6.3;13.7;0.457;1.9;5.2;0.366;4.4;8.5;0.513;0.527;2.4;3;0.821;1.5;4;5.5;2;2.1;0.8;2.2;3;16.9
15;Ryan Arcidiacono;PG;28;NYK;11;0;2.4;0.1;0.5;0.2;0.1;0.3;0.333;0;0.2;0;0.3;0;0;0;0;0.4;0.4;0.2;0.2;0;0.1;0.3;0.3
16;Deni Avdija;SF;22;WAS;53;32;26.5;3.3;7.5;0.441;0.9;3.1;0.302;2.4;4.4;0.536;0.503;1.7;2.3;0.75;1;5.2;6.3;2.5;0.9;0.5;1.5;2.9;9.2
17;Deandre Ayton;C;24;PHO;49;49;30;8.1;13.7;0.589;0.1;0.5;0.304;7.9;13.2;0.599;0.594;2.3;3.1;0.732;2.9;7.3;10.2;2.1;0.5;0.7;2;2.8;18.6
18;Udoka Azubuike;C;23;UTA;22;0;5.5;0.9;1;0.864;0;0;0;0.9;1;0.864;0.864;0.1;0.3;0.333;0.5;1.4;1.8;0.3;0.1;0.3;0.3;0.5;1.8
19;Marvin Bagley III;C;23;DET;25;13;21.3;4.3;8;0.537;0.4;1.3;0.273;4;6.7;0.589;0.56;1.6;2.1;0.769;2.1;3.8;5.9;0.6;0.5;0.7;0.9;2;10.6
20;Patrick Baldwin Jr.;SF;20;GSW;15;0;8.5;1.8;4.1;0.435;1.5;3.3;0.449;0.3;0.9;0.385;0.613;0.3;0.4;0.667;0;1.4;1.4;0.2;0.4;0.1;0.5;0.5;5.3
21;LaMelo Ball;PG;21;CHO;31;31;35.1;8.1;20.1;0.402;3.8;10.5;0.359;4.3;9.6;0.45;0.496;3;3.5;0.852;1.1;5;6.1;8.2;1.4;0.4;3.4;3.5;22.9
22;Mo Bamba;C;24;ORL;40;6;17;2.7;5.4;0.495;1.1;2.7;0.398;1.6;2.7;0.594;0.596;0.9;1.3;0.686;1.2;3.4;4.6;1.1;0.3;1;0.6;2.2;7.3
23;Paolo Banchero;PF;20;ORL;50;50;33.7;6.5;15.5;0.419;1.2;4.2;0.289;5.3;11.3;0.467;0.458;5.7;7.6;0.751;1.2;5.6;6.8;3.6;1;0.4;2.7;2.3;20
24;Desmond Bane;SG;24;MEM;33;33;31.1;7.5;16.1;0.465;3.1;7.1;0.432;4.4;9;0.492;0.56;3.5;3.8;0.906;0.5;4.3;4.8;4.1;1;0.3;2.2;2.5;21.5
25;Dalano Banton;PG;23;TOR;24;2;9.7;1.8;4.4;0.419;0.5;1.8;0.295;1.3;2.5;0.508;0.481;0.6;0.7;0.824;0.4;1;1.4;1.2;0.5;0.5;0.6;1.1;4.8
26;Dominick Barlow;SF;19;SAS;8;0;9;1.3;2.5;0.5;0;0.5;0;1.3;2;0.625;0.5;1.1;1.3;0.9;1;1;2;0.8;0.3;0;0.6;1.6;3.6
27;Harrison Barnes;PF;30;SAC;56;56;32.6;4.6;9.7;0.471;1.7;4.5;0.376;2.9;5.3;0.551;0.557;4.1;5;0.831;1;3.7;4.6;1.6;0.8;0.1;1.2;1.3;14.9
28;Scottie Barnes;PF;21;TOR;54;53;35.1;6.1;13.3;0.455;0.9;3.1;0.293;5.1;10.2;0.505;0.49;2.5;3.2;0.775;2.4;4.8;7.2;4.9;1;0.9;2;2.1;15.5
29;RJ Barrett;SG;22;NYK;51;51;34.7;7.1;16.5;0.43;1.8;5.5;0.333;5.2;10.9;0.479;0.486;4.1;5.5;0.748;0.9;4.4;5.3;2.8;0.5;0.2;2.3;2.6;20.1
30;Will Barton;SG;32;WAS;40;0;19.6;2.8;7.1;0.387;1.3;3.4;0.38;1.5;3.7;0.395;0.479;0.9;1.1;0.778;0.3;2.5;2.8;2.4;0.4;0.3;1.1;1;7.7
31;Charles Bassey;C;22;SAS;24;1;13.6;2;2.9;0.671;0.1;0.3;0.333;1.9;2.7;0.703;0.686;0.7;1;0.667;1.8;3.4;5.2;1.2;0.3;0.9;1.2;2.1;4.7
32;Keita Bates-Diop;SF;27;SAS;43;21;19.6;3;6;0.498;0.6;1.6;0.348;2.4;4.4;0.553;0.544;1.3;1.7;0.778;1;2.2;3.2;1.1;0.7;0.3;0.8;1;7.9
33;Nicolas Batum;PF;34;LAC;55;11;21.9;2;4.9;0.415;1.5;4;0.385;0.5;0.9;0.538;0.57;0.5;0.7;0.659;0.9;3.4;4.3;1.5;0.6;0.7;0.7;2.1;6.1
34;Darius Bazley;PF;22;OKC;36;1;15.4;2;4.4;0.449;0.5;1.3;0.4;1.5;3.1;0.469;0.506;1;1.8;0.554;0.8;2.6;3.4;0.9;0.5;0.8;0.6;1;5.4
35;Bradley Beal;SG;29;WAS;33;33;32.8;8.5;16.4;0.52;1.7;4.5;0.374;6.9;12;0.575;0.571;3.8;4.4;0.855;0.8;2.7;3.5;5.2;0.8;0.7;2.7;1.9;22.5
36;Malik Beasley;SG;26;TOT;56;13;26.6;4.8;12.1;0.394;3;8.5;0.354;1.8;3.6;0.488;0.518;0.7;0.8;0.841;0.5;3.1;3.6;1.7;0.8;0.1;1.1;1.4;13.2
36;Malik Beasley;SG;26;UTA;55;13;26.8;4.8;12.2;0.396;3.1;8.6;0.359;1.7;3.6;0.485;0.522;0.7;0.8;0.841;0.5;3.1;3.6;1.7;0.8;0.1;1.1;1.4;13.4
36;Malik Beasley;SG;26;LAL;1;0;16;2;9;0.222;0;6;0;2;3;0.667;0.222;0;0;0;0;2;2;0;1;0;3;1;4
37;MarJon Beauchamp;SF;22;MIL;37;9;14.6;2.2;5.4;0.404;1;3.2;0.325;1.1;2.2;0.519;0.5;0.5;0.7;0.704;0.9;1.5;2.3;0.7;0.5;0.1;1;1.6;5.9
38;D?vis Bert?ns;PF;30;DAL;34;0;10.6;1.4;3.3;0.423;1.1;2.9;0.381;0.3;0.4;0.714;0.59;0.3;0.4;0.833;0.2;0.8;0.9;0.4;0.2;0.1;0.3;1.1;4.1
39;Patrick Beverley;PG;34;LAL;45;45;26.9;2.2;5.4;0.402;1.2;3.5;0.348;0.9;1.8;0.506;0.517;0.9;1.1;0.78;0.5;2.6;3.1;2.6;0.9;0.6;0.9;2.8;6.4
40;Saddiq Bey;SF;23;DET;52;30;28.8;4.7;11.7;0.404;1.9;5.6;0.345;2.8;6;0.46;0.488;3.5;4;0.861;1.1;3.5;4.7;1.6;1;0.2;1;1.7;14.8
41;Khem Birch;C;30;TOR;20;0;8.1;1;1.6;0.594;0.1;0.1;0.5;0.9;1.5;0.6;0.609;0.2;0.3;0.8;0.4;0.9;1.3;0.4;0.3;0.3;0.4;1.2;2.2
42;Goga Bitadze;C;23;IND;21;0;9.6;1.3;2.5;0.519;0.2;0.7;0.286;1.1;1.8;0.605;0.558;0.5;1.1;0.458;1.2;1.1;2.3;0.9;0.4;0.5;0.6;1.6;3.3
43;Bismack Biyombo;C;30;PHO;45;9;14;1.7;3;0.566;0;0;0;1.7;3;0.566;0.566;0.4;1.1;0.314;1.1;2.9;4.1;0.9;0.3;1.3;0.9;1.8;3.8
44;Buddy Boeheim;PG;23;DET;1;0;1;0;0;0;0;0;0;0;0;0;0;0;0;0;0;0;0;0;0;0;0;0;0
45;Bogdan Bogdanovi?;SG;30;ATL;32;5;30;5.5;12.9;0.427;2.8;7.3;0.379;2.7;5.5;0.492;0.535;1.1;1.4;0.761;0.4;2.9;3.3;3.1;0.8;0.3;1.2;1.7;14.9
46;Bojan Bogdanovi?;PF;33;DET;54;54;31.9;7.2;14.9;0.485;2.4;6;0.409;4.8;8.9;0.537;0.567;4.6;5.2;0.883;0.6;3;3.6;2.6;0.6;0.1;2.3;1.9;21.5
47;Bol Bol;PF;23;ORL;52;32;23.5;4.4;7.6;0.58;0.5;1.6;0.333;3.9;6;0.644;0.615;1.3;1.7;0.744;1.2;5.1;6.3;0.8;0.4;1.4;1.8;1.3;10.6
48;Leandro Bolmaro;SG;22;UTA;14;0;4.9;0.2;1.4;0.15;0;0.3;0;0.2;1.1;0.188;0.15;0;0;0;0.3;0.2;0.5;0.5;0.2;0.1;0.5;0.7;0.4
49;Devin Booker;SG;26;PHO;31;31;34;9.5;20.2;0.473;2.3;6.4;0.364;7.2;13.8;0.523;0.53;5.2;6.2;0.848;0.7;3.8;4.6;5.5;0.9;0.4;2.5;2.8;26.6
50;Brandon Boston Jr.;SG;21;LAC;20;1;12.2;2.6;6.1;0.421;0.6;1.5;0.414;2;4.6;0.424;0.471;1.4;1.8;0.75;0.4;1.1;1.5;1;0.5;0;0.6;1;7.1
51;Chris Boucher;PF;30;TOR;51;0;20.8;3.5;7.2;0.485;0.8;2.6;0.328;2.7;4.7;0.571;0.543;2;2.7;0.735;2.2;3.7;5.9;0.5;0.7;0.8;0.5;2;9.8
52;James Bouknight;SG;22;CHO;26;0;13.6;1.5;4.7;0.328;0.6;2.5;0.25;0.9;2.2;0.414;0.393;0.6;0.8;0.682;0.2;1.8;2;1.1;0.5;0.2;0.7;1.1;4.3
53;Jamaree Bouyea;PG;23;MIA;2;0;11.5;0.5;1.5;0.333;0;0.5;0;0.5;1;0.5;0.333;0;0;0;0;0;0;0;0.5;0.5;1.5;1.5;1
54;Tony Bradley;C;25;CHI;11;0;2.7;0.4;0.8;0.444;0.2;0.4;0.5;0.2;0.5;0.4;0.556;0.4;0.4;1;0.1;0.8;0.9;0.1;0.1;0;0.1;0.2;1.3
55;Malaki Branham;SF;19;SAS;43;10;21.6;3.3;7.8;0.424;1.1;3.6;0.301;2.2;4.2;0.53;0.494;0.8;1;0.778;0.3;1.7;2.1;1.9;0.5;0.1;1;1.6;8.6
56;Christian Braun;SG;21;DEN;52;3;15;1.7;3.6;0.486;0.4;1.1;0.362;1.3;2.4;0.543;0.543;0.4;0.6;0.606;0.7;1.7;2.3;0.7;0.5;0.2;0.4;1.2;4.3
57;Mikal Bridges;SF;26;TOT;57;57;36.4;6.4;13.7;0.463;1.8;4.7;0.391;4.5;9.1;0.5;0.529;2.8;3.1;0.899;1;3.3;4.4;3.5;1.2;0.8;1.4;2.1;17.3
57;Mikal Bridges;SF;26;PHO;56;56;36.4;6.3;13.6;0.463;1.8;4.7;0.387;4.5;9;0.503;0.529;2.8;3.1;0.897;1;3.3;4.3;3.6;1.2;0.8;1.4;2.1;17.2
57;Mikal Bridges;SF;26;BRK;1;1;34;8;18;0.444;3;5;0.6;5;13;0.385;0.528;4;4;1;3;3;6;1;2;0;1;2;23
58;Oshae Brissett;SF;24;IND;49;1;16;1.7;4.5;0.388;0.8;2.4;0.333;0.9;2.1;0.451;0.477;1.2;1.8;0.693;0.9;2.5;3.4;0.5;0.6;0.2;0.4;1.3;5.5
59;Malcolm Brogdon;PG;30;BOS;48;0;24.9;4.9;10.4;0.476;2;4.3;0.452;3;6;0.493;0.57;2.4;2.7;0.885;0.7;3.5;4.2;3.7;0.6;0.3;1.6;1.5;14.3
60;Dillon Brooks;SF;27;MEM;50;50;30.3;5.6;14.4;0.391;1.8;5.8;0.31;3.8;8.6;0.446;0.454;1.9;2.4;0.788;0.6;2.7;3.3;2.6;0.9;0.2;1.6;3.4;14.9
61;Bruce Brown;SG;26;DEN;56;26;28.7;4.4;8.9;0.491;1.3;3.4;0.393;3;5.5;0.552;0.566;1.1;1.5;0.721;0.7;3.2;3.9;3.6;1.1;0.6;1.7;2.4;11.2
62;Greg Brown III;PF;21;POR;16;0;5.8;0.7;1.8;0.393;0.1;0.4;0.143;0.6;1.3;0.476;0.411;0.3;0.8;0.417;0.1;1.1;1.2;0.2;0.3;0.3;0.4;0.8;1.8
63;Jaylen Brown;SF;26;BOS;48;48;35.6;9.9;20.2;0.487;2.5;7.6;0.331;7.3;12.6;0.582;0.549;4.3;5.5;0.779;1.2;5.8;7;3.2;1.1;0.5;3;2.7;26.5
64;Kendall Brown;SG;19;IND;6;0;6.7;0.7;1.2;0.571;0;0.2;0;0.7;1;0.667;0.571;0.2;0.3;0.5;0.3;0.7;1;0.5;0.7;0;0.3;1.5;1.5
65;Moses Brown;C;23;LAC;34;1;8.5;1.8;2.8;0.635;0;0;0;1.8;2.8;0.635;0.635;1;2.1;0.458;1.7;2.4;4.1;0.1;0.1;0.4;0.4;1.1;4.6
66;Sterling Brown;SG;27;LAL;4;0;6;0;1;0;0;0.5;0;0;0.5;0;0;0;0;0;0.8;1.3;2;0.5;0.8;0;0;1;0
67;Troy Brown Jr.;SF;23;LAL;51;30;24.3;2.6;6.1;0.432;1.3;3.5;0.36;1.4;2.6;0.53;0.535;0.5;0.5;0.96;0.9;3.4;4.3;1;0.7;0.2;0.7;1.5;7
68;Jalen Brunson;PG;26;NYK;54;54;35;8.4;17.6;0.479;1.8;4.5;0.407;6.6;13.1;0.504;0.532;4.9;5.8;0.846;0.6;2.9;3.6;6.2;0.9;0.3;2;2.3;23.6
69;Thomas Bryant;C;25;TOT;42;25;20.9;4.7;7.2;0.652;0.5;1.2;0.44;4.2;6;0.694;0.689;1.9;2.6;0.741;1.6;5;6.6;0.7;0.3;0.5;0.7;1.8;11.8
69;Thomas Bryant;C;25;LAL;41;25;21.4;4.8;7.3;0.654;0.5;1.2;0.44;4.3;6.1;0.697;0.691;2;2.6;0.741;1.6;5.2;6.8;0.7;0.3;0.6;0.7;1.9;12.1
69;Thomas Bryant;C;25;DEN;1;0;2;0;1;0;0;0;0;0;1;0;0;0;0;0;0;0;0;0;0;0;0;0;0
70;Reggie Bullock;SF;31;DAL;56;33;30.3;2.3;5.8;0.398;1.8;4.9;0.372;0.5;0.9;0.528;0.554;0.4;0.6;0.686;0.5;3;3.5;1.4;0.8;0.2;0.4;2.3;6.9
71;Alec Burks;SG;31;DET;44;6;22;4;9.1;0.438;1.9;4.6;0.418;2.1;4.5;0.457;0.543;3;3.7;0.814;0.4;2.6;3;2.2;0.7;0.1;1.1;2;12.8
72;Deonte Burton;SG;29;SAC;2;0;3;0;1;0;0;0.5;0;0;0.5;0;0;0;0;0;0;0;0;0;0;0;0;0;0
73;Jimmy Butler;SF;33;MIA;42;42;33.8;7.3;14.2;0.512;0.5;1.8;0.297;6.7;12.4;0.542;0.53;6.8;8;0.846;2.2;3.8;6;5;2.1;0.4;1.7;1.3;21.9
74;John Butler;C;20;POR;7;0;3.4;0.1;0.6;0.25;0;0.4;0;0.1;0.1;1;0.25;0;0;0;0.1;0.1;0.3;0.1;0;0.1;0;0.3;0.3
75;Jamal Cain;SF;23;MIA;13;0;13.9;1.9;3.7;0.521;0.2;0.8;0.182;1.8;2.8;0.622;0.542;0.9;1.2;0.75;0.9;2;2.9;0.6;0.6;0;0.3;1.2;4.9
76;Kentavious Caldwell-Pope;SG;29;DEN;54;54;31.3;4.1;8.7;0.47;1.9;4.3;0.446;2.2;4.4;0.494;0.581;1.3;1.6;0.833;0.5;2.4;2.9;2.3;1.4;0.4;1.1;2.1;11.4
77;Facundo Campazzo;PG;31;DAL;8;0;6.5;0.4;1.6;0.231;0.4;1.4;0.273;0;0.3;0;0.346;0.1;0.3;0.5;0;0.3;0.3;1.1;0.8;0;0.4;0.4;1.3
78;Vlatko ?an?ar;PF;25;DEN;42;4;15.5;2;4;0.5;0.9;2;0.452;1.1;2;0.548;0.613;0.5;0.5;0.955;0.4;1.9;2.3;1.4;0.4;0.2;0.6;1.7;5.4
79;Clint Capela;C;28;ATL;41;39;26.9;5.4;8.6;0.626;0;0;0;5.4;8.6;0.628;0.626;1.2;2;0.613;4.3;7.2;11.5;0.8;0.7;1.2;0.8;2.2;12
80;Vernon Carey Jr.;C;21;WAS;10;0;2.6;0.1;0.7;0.143;0;0;0;0.1;0.7;0.143;0.143;0.2;0.2;1;0.3;0.5;0.8;0.2;0.2;0.2;0.2;0.5;0.4
81;Jevon Carter;PG;27;MIL;56;30;22.5;2.7;6.4;0.421;1.5;3.7;0.406;1.2;2.7;0.443;0.539;0.4;0.5;0.815;0.4;2.1;2.5;2.6;1;0.4;1.1;2.1;7.3
82;Wendell Carter Jr.;C;23;ORL;37;34;30.1;5.5;10.5;0.527;1.2;3.4;0.362;4.3;7.1;0.607;0.586;2.8;3.7;0.765;2;6.6;8.6;2.6;0.4;0.6;2.2;2.9;15.1
83;Alex Caruso;PG;28;CHI;48;18;24.2;1.9;4.2;0.443;0.8;2.1;0.382;1.1;2.1;0.505;0.539;1;1.2;0.793;0.6;2.6;3.2;3.2;1.6;0.6;1.3;2.4;5.5
84;Julian Champagnie;SF;21;PHI;2;0;3.5;0;1;0;0;0.5;0;0;0.5;0;0;0;0;0;0;0;0;0;0.5;0;0;0;0
85;Justin Champagnie;SF;21;TOR;3;0;3.7;1;1;1;0;0;0;1;1;1;1;0;0;0;0.3;1;1.3;0.3;0;0;0;0.3;2
86;Kennedy Chandler;PG;20;MEM;24;0;9.2;1.1;2.8;0.394;0.1;0.6;0.143;1;2.2;0.462;0.409;0.2;0.5;0.455;0.3;1;1.3;1.9;0.4;0.2;0.7;0.5;2.5
87;Max Christie;SG;19;LAL;34;3;14.5;1.3;3;0.422;0.8;1.8;0.426;0.5;1.2;0.415;0.549;0.4;0.4;0.857;0.2;1.9;2.1;0.5;0.2;0.2;0.3;0.9;3.6
88;Josh Christopher;SG;21;HOU;38;1;9.7;1.8;3.9;0.463;0.2;1;0.231;1.6;2.9;0.545;0.493;0.7;0.9;0.743;0.3;0.8;1.1;0.9;0.4;0.2;0.8;0.7;4.6
89;Brandon Clarke;PF;26;MEM;49;6;19.7;4.2;6.4;0.662;0;0.1;0.167;4.2;6.3;0.672;0.664;2;2.7;0.738;1.6;4;5.6;1.2;0.6;0.7;1.1;2.4;10.5
90;Jordan Clarkson;SG;30;UTA;56;56;32.4;7.5;16.9;0.446;2.6;7.6;0.34;4.9;9.3;0.533;0.523;3.3;4;0.82;1.2;2.9;4;4.2;0.5;0.2;2.9;2;20.9
91;Nic Claxton;C;23;BRK;52;52;29.7;5.7;7.8;0.728;0;0;0;5.7;7.8;0.732;0.728;1.7;3.3;0.503;2.6;6.5;9.1;1.7;0.8;2.6;1.3;2.8;13
92;Amir Coffey;SG;25;LAC;39;9;14.6;1.3;3.4;0.388;0.3;0.9;0.278;1.1;2.5;0.429;0.425;1.2;1.4;0.818;0.4;0.9;1.3;1.3;0.2;0.1;0.4;1.2;4.1
93;John Collins;PF;25;ATL;49;49;31.3;5.2;10.3;0.51;0.8;3.2;0.253;4.4;7.1;0.627;0.55;2;2.5;0.806;1.1;6;7.2;1.3;0.7;1.2;1.2;3.3;13.3
94;Zach Collins;C;25;SAS;46;9;20.7;3.9;7.2;0.541;0.6;1.6;0.351;3.3;5.5;0.596;0.581;1.6;2.2;0.733;1.8;3.9;5.8;2.5;0.4;0.7;1.9;3.2;9.9
95;Mike Conley;PG;35;TOT;44;43;29.6;3.5;8.7;0.408;1.8;4.9;0.359;1.8;3.8;0.473;0.51;1.8;2.2;0.816;0.4;2.1;2.5;7.6;1;0.2;1.8;2.2;10.7
95;Mike Conley;PG;35;UTA;43;42;29.7;3.6;8.7;0.408;1.8;5;0.362;1.8;3.8;0.469;0.511;1.8;2.2;0.813;0.4;2.1;2.5;7.7;1;0.2;1.7;2.2;10.7
95;Mike Conley;PG;35;MIN;1;1;26;3;7;0.429;1;4;0.25;2;3;0.667;0.5;2;2;1;0;1;1;3;2;0;3;1;9
96;Pat Connaughton;SG;30;MIL;40;24;25.2;3.1;7.7;0.395;2.1;5.9;0.356;1;1.8;0.521;0.531;0.4;0.7;0.607;0.9;4.2;5;1.3;0.8;0.1;0.6;1.1;8.6
97;Robert Covington;PF;32;LAC;36;0;16.2;1.9;4.7;0.406;1;2.9;0.333;0.9;1.8;0.523;0.509;0.7;0.9;0.735;0.7;3;3.7;1.3;0.7;0.8;0.6;1.9;5.5
98;Torrey Craig;SF;32;PHO;55;45;25.8;3.1;6.6;0.46;1.3;3.3;0.394;1.8;3.4;0.524;0.558;0.5;0.7;0.73;2.1;3.7;5.8;1.6;0.7;0.6;1;2.3;7.9
99;Jarrett Culver;SG;23;ATL;10;1;13.7;1.7;4.3;0.395;0.1;1.2;0.083;1.6;3.1;0.516;0.407;0.9;1.3;0.692;1;2.8;3.8;0.6;0.6;0.2;0.7;1.4;4.4
100;Cade Cunningham;PG;21;DET;12;12;33.3;7.8;18.7;0.415;1.4;5.1;0.279;6.3;13.6;0.466;0.453;3;3.6;0.837;1;5.2;6.2;6;0.8;0.6;3.3;2.8;19.9
101;Seth Curry;SG;32;BRK;39;6;23.2;3.9;8.5;0.464;1.9;4.5;0.425;2;4;0.506;0.576;0.9;0.9;0.971;0.3;1.7;2;2.1;0.7;0.2;1.1;1.9;10.6
102;Stephen Curry;PG;34;GSW;38;38;34.6;9.8;19.8;0.495;4.9;11.4;0.427;4.9;8.4;0.588;0.619;5;5.4;0.922;0.6;5.8;6.3;6.4;1;0.4;3.2;2.2;29.4
103;Dyson Daniels;PG;19;NOP;39;11;19.9;1.8;4;0.445;0.5;1.5;0.333;1.3;2.4;0.516;0.51;0.5;0.7;0.621;0.7;2.8;3.5;2.5;0.9;0.3;1.1;1.9;4.5
104;Anthony Davis;C;29;LAL;33;31;33.5;9.8;17.5;0.56;0.4;1.5;0.265;9.4;16;0.587;0.571;6.2;7.5;0.826;3.3;8.8;12.2;2.5;1.2;2;2.2;2.8;26.2
105;Johnny Davis;SG;20;WAS;12;0;5;0.4;1.4;0.294;0;0.3;0;0.4;1.2;0.357;0.294;0.3;0.3;1;0.1;0.6;0.7;0.2;0.1;0.1;0.2;1.1;1.1
106;Terence Davis;SG;25;SAC;43;4;13.6;2.5;5.8;0.438;1.3;3.7;0.354;1.2;2;0.591;0.552;0.6;0.7;0.9;0.4;2;2.4;1.3;0.8;0.3;0.8;1.8;7
107;JD Davison;PG;20;BOS;5;0;2.4;0.2;1;0.2;0;0.4;0;0.2;0.6;0.333;0.2;0;0;0;0;0.4;0.4;0.2;0.2;0;0.2;0;0.4
108;Darius Days;PF;23;HOU;1;0;2;1;1;1;0;0;0;1;1;1;1;0;0;0;1;1;2;1;0;0;0;0;2
109;Dewayne Dedmon;C;33;MIA;30;0;11.7;2.1;4.3;0.496;0.4;1.2;0.297;1.8;3.1;0.576;0.539;1.1;1.5;0.727;0.9;2.7;3.6;0.5;0.2;0.5;0.6;2;5.7
110;Matthew Dellavedova;PG;32;SAC;23;0;6.3;0.5;1.4;0.375;0.3;0.7;0.4;0.3;0.7;0.353;0.469;0.1;0.2;0.6;0;0.3;0.3;1.4;0.3;0;0.3;0.6;1.4
111;DeMar DeRozan;SF;33;CHI;52;52;36.3;9.2;18;0.509;0.5;1.6;0.325;8.6;16.4;0.527;0.524;6.7;7.6;0.88;0.4;4.3;4.7;5.1;1;0.5;2.2;2.7;25.5
112;Moussa Diabaté;PF;21;LAC;16;1;10.5;1.3;2.5;0.525;0.1;0.1;0.5;1.3;2.4;0.526;0.538;0.6;1;0.625;1.8;1;2.8;0.2;0.3;0.4;0.5;0.8;3.3
113;Mamadi Diakite;PF;26;CLE;16;2;6.1;0.7;1.6;0.423;0.3;0.9;0.267;0.4;0.7;0.636;0.5;0;0;0;0.2;0.6;0.8;0.1;0.1;0.4;0.4;0.8;1.6
114;Hamidou Diallo;SG;24;DET;48;0;16.7;3.4;5.9;0.582;0.1;0.4;0.278;3.3;5.5;0.602;0.59;1.5;2.6;0.579;1;2.3;3.3;1;0.9;0.3;1.2;2.1;8.5
115;Gorgui Dieng;C;33;SAS;19;1;10.2;1.3;3.2;0.4;0.6;2.2;0.293;0.6;1;0.632;0.5;0.3;0.3;0.833;0.9;1.8;2.8;1.5;0.1;0.4;0.8;1.5;3.4
116;Ousmane Dieng;SF;19;OKC;19;0;14.9;1.7;4.1;0.416;0.7;2.4;0.289;1;1.7;0.594;0.5;0.1;0.3;0.4;0.4;2.2;2.6;1.4;0.3;0.3;0.6;1.2;4.2
117;Spencer Dinwiddie;PG;29;TOT;55;55;34.1;5.9;13.1;0.452;2.5;6.4;0.398;3.4;6.7;0.504;0.549;3.3;4;0.82;0.4;2.8;3.2;5.3;0.8;0.3;1.7;2.3;17.7
117;Spencer Dinwiddie;PG;29;DAL;53;53;34.1;6;13.1;0.455;2.6;6.4;0.405;3.4;6.7;0.504;0.555;3.2;3.9;0.821;0.4;2.7;3.1;5.3;0.7;0.3;1.7;2.3;17.7
117;Spencer Dinwiddie;PG;29;BRK;2;2;35;5;13.5;0.37;1;5.5;0.182;4;8;0.5;0.407;6;7.5;0.8;0.5;5;5.5;6;2.5;0;2;2;17
118;Donte DiVincenzo;SG;26;GSW;46;12;25.1;3;7.2;0.424;2;4.9;0.407;1;2.3;0.462;0.564;0.7;0.8;0.816;0.9;3.4;4.3;3.3;1.3;0.1;1.4;1.8;8.8
119;Luka Don?i?;PG;23;DAL;48;48;36.6;11.3;22.3;0.505;2.8;7.9;0.35;8.5;14.4;0.589;0.566;8;11;0.727;0.9;8;8.9;8.2;1.5;0.5;3.7;2.7;33.3
120;Tyler Dorsey;SG;26;DAL;3;0;2.7;1.3;1.7;0.8;0.3;0.7;0.5;1;1;1;0.9;0;0;0;0.3;0.3;0.7;0;0;0;0;0;3
121;Luguentz Dort;SG;23;OKC;48;47;30.1;4.8;11.7;0.413;1.9;5.3;0.365;2.9;6.4;0.453;0.496;2.5;3.4;0.753;1.4;2.8;4.2;2.3;1;0.3;1.4;3.3;14.1
122;Ayo Dosunmu;SG;23;CHI;54;46;27.9;3.9;7.6;0.513;0.8;2.6;0.326;3.1;5.1;0.608;0.568;1;1.2;0.8;0.7;2.4;3;2.8;0.7;0.4;1.4;2.5;9.6
123;Devon Dotson;PG;23;WAS;6;0;8.8;0.2;1.7;0.1;0.2;0.7;0.25;0;1;0;0.15;0;0;0;1;0.7;1.7;1.3;0.8;0;0.5;1.5;0.5
124;Jeff Dowtin;PG;25;TOR;14;0;6.6;0.9;1.8;0.48;0.1;0.3;0.25;0.8;1.5;0.524;0.5;0.2;0.2;1;0.4;0.6;0.9;0.9;0.1;0.1;0.1;0.4;2
125;PJ Dozier;SG;26;SAC;4;0;2.5;0.5;0.8;0.667;0.3;0.5;0.5;0.3;0.3;1;0.833;0;0;0;0;0.5;0.5;0;0.8;0;0;0;1.3
126;Goran Dragi?;PG;36;CHI;50;0;15.5;2.5;5.9;0.428;0.9;2.5;0.357;1.6;3.4;0.48;0.503;0.5;0.8;0.641;0.3;1.1;1.4;2.8;0.2;0.1;1.1;1.2;6.5
127;Andre Drummond;C;29;CHI;43;0;13;2.8;4.4;0.63;0;0;0;2.8;4.3;0.636;0.63;1;1.9;0.524;2.1;4.6;6.7;0.6;0.7;0.3;1.2;1.9;6.5
128;Chris Duarte;SF;25;IND;35;10;19.2;2.5;7.1;0.356;1.1;3.7;0.282;1.5;3.4;0.437;0.43;1.6;1.9;0.833;0.4;2.1;2.5;1.5;0.5;0.2;0.9;1.5;7.7
129;David Duke Jr.;SG;23;BRK;15;0;9.1;1.4;3.1;0.457;0;0.4;0;1.4;2.7;0.525;0.457;0.3;0.5;0.5;0.4;0.6;1;0.8;0.4;0.1;0.9;1.7;3.1
130;Kevin Durant;PF;34;BRK;39;39;36;10.5;18.8;0.559;1.8;4.8;0.376;8.7;14;0.622;0.607;6.8;7.3;0.934;0.4;6.4;6.7;5.3;0.8;1.5;3.5;2.4;29.7
131;Jalen Duren;C;19;DET;49;24;25.2;3.7;5.7;0.661;0;0;0;3.7;5.6;0.663;0.661;1.4;2.2;0.615;3.4;5.4;8.9;1.1;0.6;0.9;1.2;2.7;8.8
132;Tari Eason;PF;21;HOU;56;3;19.4;3.4;7.6;0.443;0.7;2;0.355;2.7;5.6;0.475;0.489;1.2;1.6;0.775;2.3;3.4;5.6;0.9;1.1;0.6;1.1;2.1;8.6
133;Anthony Edwards;SG;21;MIN;59;59;36.2;8.9;19.2;0.463;2.7;7.3;0.367;6.2;11.9;0.522;0.533;4.1;5.4;0.767;0.6;5.3;5.9;4.6;1.6;0.6;3.3;2.5;24.6
134;Kessler Edwards;SF;22;BRK;14;1;5.6;0.4;1.7;0.25;0.1;0.9;0.167;0.3;0.9;0.333;0.292;0.1;0.1;0.5;0.4;0.6;1;0.1;0.2;0.1;0.3;0.2;1.1
135;Keon Ellis;SG;23;SAC;8;0;4.4;0.8;1.1;0.667;0.6;0.9;0.714;0.1;0.3;0.5;0.944;0.3;0.4;0.667;0.4;0.5;0.9;0.4;0.3;0.1;0;0.6;2.4
136;Joel Embiid;C;28;PHI;43;43;34.9;11.1;20.7;0.539;1.1;3.2;0.358;10;17.5;0.572;0.566;10;11.7;0.855;1.8;8.3;10.2;4;1.1;1.6;3.6;3.2;33.4
137;Drew Eubanks;C;25;POR;54;11;19.3;2.5;3.6;0.696;0.1;0.1;0.429;2.4;3.5;0.706;0.704;0.9;1.4;0.685;1.5;3.2;4.7;1.1;0.5;1.1;0.8;2.2;6
138;Bruno Fernando;C;24;HOU;31;4;11.7;1.5;3;0.516;0;0;0;1.5;3;0.522;0.516;1;1.4;0.682;1.5;2.4;3.9;1;0.2;1;0.6;2.2;4.1
139;Dorian Finney-Smith;PF;29;TOT;42;42;32.3;3.2;7.8;0.412;1.9;5.4;0.347;1.4;2.5;0.553;0.53;0.7;1;0.721;1.7;3.1;4.9;1.5;0.9;0.5;0.9;2;9
139;Dorian Finney-Smith;PF;29;DAL;40;40;32.2;3.2;7.8;0.416;1.9;5.4;0.355;1.3;2.3;0.559;0.54;0.8;1;0.75;1.7;3;4.7;1.5;1;0.5;0.9;2;9.1
139;Dorian Finney-Smith;PF;29;BRK;2;2;34.5;3;9;0.333;0.5;4;0.125;2.5;5;0.5;0.361;0.5;1.5;0.333;3;5.5;8.5;1.5;0;0;1;3;7
140;Malachi Flynn;PG;24;TOR;40;1;13.8;1.7;4.7;0.356;1;2.6;0.362;0.7;2.1;0.349;0.457;0.3;0.4;0.765;0.4;1.2;1.5;1.5;0.4;0.1;0.5;1.3;4.6
141;Simone Fontecchio;SF;27;UTA;29;0;9;1.2;3.3;0.371;0.8;2.3;0.338;0.4;1;0.448;0.49;0.4;0.6;0.688;0.4;0.7;1.1;0.4;0.1;0.2;0.6;0.9;3.7
142;Bryn Forbes;SG;29;MIN;25;0;10.7;1.2;3.3;0.361;0.6;1.8;0.304;0.6;1.5;0.432;0.446;0.6;0.6;1;0.2;0.4;0.6;0.7;0.3;0.1;0.5;0.9;3.6
143;Trent Forrest;PG;24;ATL;18;3;13.3;1.3;2.8;0.48;0;0.1;0;1.3;2.7;0.5;0.48;0.1;0.2;0.667;0.3;1.3;1.6;1.7;0.3;0.1;0.6;0.9;2.8
144;Michael Foster Jr.;PF;20;PHI;1;0;1;0;0;0;0;0;0;0;0;0;0;0;0;0;0;0;0;0;0;0;0;0;0
145;Evan Fournier;SG;30;NYK;22;7;18.7;2.4;6.8;0.353;1.5;4.6;0.327;0.9;2.2;0.408;0.463;0.8;1;0.857;0.2;1.9;2;1.6;0.6;0.1;0.9;2;7.1
146;De'Aaron Fox;PG;25;SAC;51;51;33.9;9.2;18.1;0.506;1.5;4.7;0.318;7.7;13.4;0.572;0.548;4.8;6;0.795;0.5;3.8;4.3;6.2;1.1;0.4;2.6;2.5;24.6
147;Markelle Fultz;PG;24;ORL;36;36;28.8;5.3;10.5;0.501;0.4;1.3;0.304;4.9;9.3;0.529;0.52;1.8;2.3;0.75;1.2;2.6;3.8;5.4;1.5;0.3;2.4;2.1;12.7
148;Wenyen Gabriel;PF;25;LAL;44;2;15.7;2.7;4.3;0.623;0.2;0.7;0.31;2.5;3.7;0.679;0.647;0.8;1.3;0.614;1.6;2.3;3.9;0.4;0.4;0.6;0.7;2.2;6.4
149;Daniel Gafford;C;24;WAS;53;22;18.6;3.5;4.6;0.744;0;0;0;3.5;4.6;0.744;0.744;1.6;2.5;0.637;2;3.3;5.3;0.8;0.4;1.4;0.9;2.2;8.5
150;Darius Garland;PG;23;CLE;49;49;35.1;7.5;16.2;0.462;2.6;6.2;0.419;4.9;10;0.489;0.542;4.2;4.9;0.866;0.4;2.3;2.8;8;1.2;0.1;2.9;2.1;21.8
151;Usman Garuba;PF;20;HOU;49;1;13.7;1.3;2.4;0.525;0.3;0.6;0.452;1;1.8;0.552;0.585;0.4;0.7;0.528;1.7;2.9;4.6;1;0.7;0.5;0.7;1.7;3.2
152;Luka Garza;C;24;MIN;22;0;9.3;2.4;4.6;0.525;0.6;1.6;0.361;1.8;3;0.615;0.589;1.5;2;0.767;1.2;1.2;2.4;0.6;0.1;0;0.4;1.5;6.9
153;Rudy Gay;PF;36;UTA;43;0;14.7;1.8;4.7;0.382;0.5;2.2;0.242;1.3;2.5;0.505;0.439;0.7;0.8;0.857;0.7;2.3;3;1;0.4;0.3;0.6;1.2;4.9
154;Paul George;SG;32;LAC;42;42;34.2;8.1;17.7;0.46;3;7.7;0.386;5.1;10;0.517;0.544;4;4.7;0.867;0.7;5.5;6.2;5.2;1.5;0.4;3.3;2.7;23.3
155;Taj Gibson;C;37;WAS;35;2;9.8;1.4;2.6;0.543;0.1;0.4;0.2;1.3;2.2;0.61;0.56;0.6;0.9;0.7;0.7;1.2;2;0.8;0.4;0.3;0.5;1.9;3.5
156;Josh Giddey;SG;20;OKC;50;50;30.9;7.1;14.5;0.488;1;3;0.322;6.1;11.4;0.532;0.522;1.2;1.6;0.785;2;5.9;7.9;5.9;0.7;0.5;3;2.1;16.3
157;Shai Gilgeous-Alexander;PG;24;OKC;51;51;35.5;10.3;20.2;0.511;0.9;2.6;0.353;9.4;17.5;0.534;0.534;9.5;10.4;0.913;0.8;3.8;4.6;5.7;1.7;1.1;2.9;2.7;31
158;Anthony Gill;PF;30;WAS;39;4;10.2;1.2;2.1;0.6;0.1;0.5;0.158;1.2;1.6;0.738;0.619;0.6;0.7;0.815;0.5;0.9;1.4;0.5;0.1;0.2;0.2;1.2;3.1
159;Rudy Gobert;C;30;MIN;48;48;30.4;5;7.4;0.674;0;0.1;0;5;7.3;0.68;0.674;3.2;4.7;0.673;3.1;8.3;11.4;0.9;0.8;1.3;1.7;3;13.1
160;Jordan Goodwin;PG;24;WAS;40;4;18.1;2.4;5.4;0.453;0.7;1.7;0.388;1.8;3.7;0.483;0.514;0.8;1.1;0.75;0.9;2.4;3.3;2.5;1;0.5;0.9;1.7;6.3
161;Aaron Gordon;PF;27;DEN;49;49;30.3;6.6;11.2;0.587;1;2.6;0.397;5.6;8.7;0.644;0.633;3.1;5;0.623;2.4;4.4;6.9;2.9;0.8;0.8;1.6;1.9;17.3
162;Eric Gordon;SG;34;HOU;47;47;30.2;4.5;10.2;0.439;1.8;5.2;0.347;2.7;5;0.536;0.528;2.3;2.9;0.815;0.3;1.8;2.1;2.9;0.6;0.4;1.8;1;13.1
163;Devonte' Graham;PG;27;TOT;55;0;15.8;1.8;4.7;0.372;1.4;3.9;0.352;0.4;0.9;0.458;0.515;0.9;1.2;0.773;0.2;1.2;1.4;2.2;0.6;0.2;0.5;0.9;5.8
163;Devonte' Graham;PG;27;NOP;53;0;15.3;1.6;4.4;0.368;1.2;3.6;0.347;0.4;0.8;0.463;0.511;0.8;1.1;0.746;0.2;1.1;1.4;2.2;0.6;0.2;0.5;0.9;5.3
163;Devonte' Graham;PG;27;SAS;2;0;30;6;15;0.4;4.5;11.5;0.391;1.5;3.5;0.429;0.55;3.5;3.5;1;0.5;2;2.5;3.5;1;1;0.5;0.5;20
164;Jerami Grant;PF;28;POR;54;54;35.7;7.1;14.6;0.484;2.3;5.6;0.406;4.8;9;0.533;0.562;4.3;5.3;0.806;0.9;3.5;4.3;2.3;0.8;0.8;1.8;2.4;20.8
165;A.J. Green;SG;23;MIL;25;0;8.8;1.5;3.4;0.44;1.1;2.8;0.4;0.4;0.6;0.643;0.607;0.2;0.2;1;0.2;0.9;1;0.4;0.2;0;0.3;0.9;4.2
166;Danny Green;SG;35;MEM;3;0;14.3;1;3.7;0.273;1;2.7;0.375;0;1;0;0.409;0;0;0;0.3;1;1.3;0.7;0.3;0;1;2;3
167;Draymond Green;PF;32;GSW;50;50;31.8;3.2;6.2;0.513;0.6;1.9;0.326;2.6;4.3;0.594;0.563;1.1;1.6;0.692;0.8;6.7;7.5;6.9;0.9;0.8;2.6;3;8.1
168;Jalen Green;SG;20;HOU;52;52;34.3;7.4;17.9;0.413;2.6;7.7;0.333;4.8;10.2;0.474;0.484;4.5;5.7;0.781;0.6;3.5;4.1;3.6;0.8;0.2;2.9;1.7;21.8
169;JaMychal Green;PF;32;GSW;36;1;14.8;2.5;4.8;0.526;0.6;1.9;0.319;1.9;2.8;0.667;0.591;0.9;1.3;0.756;1.4;2.6;4.1;0.8;0.4;0.4;1.1;2;6.6
170;Javonte Green;SG;29;CHI;28;1;16;2.2;3.7;0.587;0.5;1.2;0.382;1.7;2.5;0.686;0.649;1;1.5;0.674;0.9;2;2.9;0.8;0.8;0.7;0.7;1.7;5.9
171;Jeff Green;PF;36;DEN;35;3;19;2.8;5.7;0.487;0.4;1.6;0.232;2.4;4.1;0.587;0.52;1.4;2.1;0.681;0.7;1.9;2.6;1.2;0.4;0.2;0.9;1.9;7.3
172;Josh Green;SG;22;DAL;38;7;24.4;3.3;5.9;0.57;1.2;2.7;0.431;2.2;3.2;0.686;0.668;1.6;2.1;0.738;0.9;1.8;2.7;1.6;0.9;0.1;0.9;2.6;9.4
173;AJ Griffin;SF;19;ATL;53;11;20.5;3.7;7.7;0.479;1.5;3.9;0.4;2.1;3.8;0.559;0.58;0.5;0.5;0.857;0.4;1.6;2;1;0.7;0.1;0.6;1.2;9.4
174;Blake Griffin;C;33;BOS;24;10;13.4;1.5;3;0.507;0.6;1.6;0.395;0.9;1.5;0.629;0.61;0.6;1;0.652;0.8;2.4;3.3;1.1;0.3;0.1;0.4;1.7;4.3
175;Quentin Grimes;SG;22;NYK;47;42;30.5;3.6;8.1;0.449;1.8;5.2;0.346;1.8;2.9;0.637;0.56;1.1;1.4;0.794;0.8;2.6;3.4;2;0.7;0.4;1.1;2.6;10.2
176;Rui Hachimura;PF;24;TOT;39;7;25.1;5.1;10.4;0.486;1;2.9;0.339;4.1;7.6;0.542;0.533;1.6;2.3;0.697;0.8;3.9;4.7;1;0.4;0.4;1;1.2;12.7
176;Rui Hachimura;PF;24;WAS;30;0;24.3;5.3;10.8;0.488;1;3;0.337;4.3;7.8;0.545;0.534;1.5;1.9;0.759;0.6;3.6;4.3;1.2;0.4;0.4;1.2;1.3;13
176;Rui Hachimura;PF;24;LAL;9;7;27.8;4.4;9.2;0.482;0.9;2.6;0.348;3.6;6.7;0.533;0.53;2;3.4;0.581;1.4;4.8;6.2;0.6;0.4;0.2;0.2;0.8;11.8
177;Tyrese Haliburton;PG;22;IND;46;46;33.4;7.1;14.8;0.48;2.9;7.3;0.399;4.2;7.5;0.559;0.578;2.6;3;0.856;0.7;3.2;3.9;10.1;1.8;0.4;2.7;1.1;19.8
178;Jordan Hall;SF;21;SAS;9;0;9.2;1;3.1;0.321;0.3;1.7;0.2;0.7;1.4;0.462;0.375;0.8;1;0.778;0.3;1;1.3;1.2;0.1;0;0.8;0.7;3.1
179;R.J. Hampton;PG;21;ORL;26;0;13.9;1.9;4.4;0.439;0.7;2;0.34;1.2;2.3;0.525;0.518;1.2;1.4;0.838;0.3;1.2;1.5;1.3;0.6;0.2;0.8;0.8;5.7
180;Tim Hardaway Jr.;SG;30;DAL;54;37;30.2;4.6;12.2;0.377;2.8;7.9;0.353;1.8;4.4;0.419;0.49;1.7;2.3;0.752;0.4;3.3;3.7;1.7;0.8;0.1;0.9;1.6;13.7
181;James Harden;PG;33;PHI;39;39;36.5;6.5;14.5;0.45;2.8;7.2;0.386;3.7;7.3;0.512;0.545;5.5;6.4;0.86;0.6;5.8;6.3;10.8;1.2;0.5;3.4;2.1;21.3
182;Jaden Hardy;SG;20;DAL;29;0;11.2;2.2;5.2;0.43;0.8;2.3;0.328;1.5;2.9;0.512;0.503;1.4;1.6;0.87;0.1;1.3;1.4;0.8;0.3;0.1;0.8;1.4;6.6
183;Ron Harper Jr.;SF;22;TOR;3;0;3;1;1.7;0.6;0.7;1;0.667;0.3;0.7;0.5;0.8;0;0;0;0.3;0.3;0.7;0;0;0;0;0;2.7
184;Montrezl Harrell;C;29;PHI;49;7;12.7;2.2;3.7;0.601;0;0;0;2.2;3.7;0.608;0.601;1.2;1.7;0.694;1.2;1.6;2.8;0.6;0.3;0.5;0.6;1.5;5.7
185;Gary Harris;SG;28;ORL;28;22;24.5;3.1;6.4;0.48;1.9;4;0.46;1.2;2.4;0.515;0.626;0.8;0.9;0.88;0.5;1.6;2.1;1.1;0.9;0.2;0.7;2.2;8.8
186;Joe Harris;SG;31;BRK;49;32;24.2;3.2;6.9;0.461;2.1;4.9;0.423;1.1;2;0.557;0.612;0.3;0.4;0.667;0.4;2.3;2.7;1.6;0.5;0.3;0.6;2.5;8.7
187;Kevon Harris;SG;25;ORL;27;0;12.4;1.2;2.9;0.416;0.4;1;0.393;0.8;1.8;0.429;0.487;0.8;1;0.815;0.9;1.1;2;0.4;0.5;0.1;0.6;1.3;3.6
188;Tobias Harris;PF;30;PHI;51;51;33.6;6.2;12.5;0.493;1.7;4.7;0.369;4.4;7.8;0.568;0.563;1.4;1.6;0.866;1;5.1;6;2.7;1;0.5;1.3;2;15.5
189;Josh Hart;SF-SG;27;TOT;52;51;33.3;3.6;7.1;0.504;0.7;2.2;0.313;2.9;4.9;0.591;0.553;1.7;2.4;0.732;1.9;6.3;8.2;3.9;1.1;0.2;1.5;2.6;9.6
189;Josh Hart;SF;27;POR;51;51;33.4;3.6;7.1;0.504;0.7;2.2;0.304;2.9;4.9;0.594;0.551;1.7;2.3;0.731;1.9;6.3;8.2;3.9;1.1;0.2;1.5;2.6;9.5
189;Josh Hart;SG;27;NYK;1;0;26;3;6;0.5;2;3;0.667;1;3;0.333;0.667;3;4;0.75;4;3;7;4;4;0;1;4;11
190;Isaiah Hartenstein;C;24;NYK;58;7;19.5;2.2;4.2;0.512;0.1;0.6;0.235;2;3.7;0.557;0.528;0.7;0.9;0.745;2.8;3.7;6.6;0.9;0.6;0.8;0.8;2.5;5.1
191;Udonis Haslem;C;42;MIA;6;1;7.7;0.2;2;0.083;0;0.3;0;0.2;1.7;0.1;0.083;0.2;0.3;0.5;0.7;0.7;1.3;0;0.2;0.2;0;1.3;0.5
192;Sam Hauser;PF;25;BOS;54;2;15;2.1;4.7;0.443;1.6;3.9;0.41;0.5;0.8;0.61;0.615;0.2;0.3;0.667;0.4;2.1;2.6;0.7;0.3;0.2;0.3;1.2;5.9
193;Jaxson Hayes;C;22;NOP;31;2;14;1.9;3.6;0.532;0.1;0.8;0.125;1.8;2.8;0.644;0.545;1.3;2;0.672;1;2.1;3.1;0.8;0.4;0.4;0.6;1.4;5.2
194;Killian Hayes;PG;21;DET;53;34;26.8;3.9;10.2;0.379;1.2;3.8;0.313;2.7;6.4;0.418;0.437;0.8;1;0.784;0.4;2.4;2.7;5.8;1.3;0.3;2;3;9.7
195;Gordon Hayward;SF;32;CHO;32;32;31.1;5;11.2;0.448;1;3.3;0.292;4.1;7.9;0.514;0.492;2.4;3;0.821;0.8;3.4;4.2;3.5;0.8;0.2;1.8;1.2;13.5
196;Juancho Hernangómez;PF;27;TOR;41;10;14.9;1.2;2.8;0.425;0.4;1.6;0.258;0.8;1.1;0.66;0.5;0.2;0.4;0.563;0.7;2.3;3;0.6;0.4;0.1;0.4;1;3
197;Willy Hernangómez;C;28;NOP;28;0;12.7;2.5;4.8;0.526;0;0.3;0.111;2.5;4.4;0.556;0.53;2.3;2.9;0.788;1.7;3.1;4.8;1;0.3;0.4;1.1;1.8;7.3
198;Tyler Herro;SG;23;MIA;45;45;35.4;7.5;17.1;0.437;3;8.1;0.369;4.5;9;0.499;0.525;2.6;2.8;0.922;0.5;5.3;5.7;4.4;0.9;0.3;2.5;1.7;20.6
199;Buddy Hield;SF;30;IND;58;58;32.1;6.2;13.7;0.453;3.8;8.9;0.428;2.4;4.7;0.502;0.593;1.3;1.5;0.862;0.9;4.1;5;2.7;1.2;0.3;1.9;2;17.5
200;Haywood Highsmith;SF;26;MIA;41;9;19.4;1.9;4.4;0.428;0.8;2.3;0.362;1;2.1;0.5;0.522;0.2;0.5;0.4;1.1;2.7;3.8;0.7;0.8;0.3;0.8;1.6;4.8
201;George Hill;PG;36;MIL;35;0;19.1;1.7;3.8;0.447;0.7;2.1;0.311;1;1.7;0.621;0.534;1;1.3;0.739;0.4;1.5;1.9;2.5;0.5;0.1;0.8;1.2;5
202;Malcolm Hill;SF;27;CHI;4;0;0.5;0;0;0;0;0;0;0;0;0;0;0;0;0;0;0.3;0.3;0;0;0;0;0;0
203;Aaron Holiday;PG;26;ATL;49;5;14.7;1.6;3.8;0.424;0.6;1.5;0.419;1;2.2;0.427;0.508;0.5;0.6;0.857;0.4;0.9;1.3;1.3;0.6;0.2;0.6;1.4;4.3
204;Jrue Holiday;PG;32;MIL;45;43;32.9;7.3;15.8;0.46;2.3;6.2;0.368;5;9.6;0.518;0.532;2.3;2.7;0.858;1.3;3.9;5.2;7.1;1.3;0.4;3.1;2;19.1
205;Justin Holiday;SG;33;ATL;28;0;14.7;1.7;4.5;0.384;1.1;3.1;0.345;0.6;1.4;0.474;0.504;0;0;0;0.1;0.8;0.8;0.9;0.2;0.4;0.4;1.3;4.5
206;Richaun Holmes;C;29;SAC;33;1;9.1;1.4;2.1;0.681;0.1;0.1;0.75;1.3;2;0.677;0.703;0.4;0.5;0.8;0.7;1.4;2.2;0.2;0.1;0.3;0.4;1.4;3.3
207;Al Horford;C;36;BOS;43;43;30.8;3.4;7.4;0.462;2;4.8;0.417;1.4;2.6;0.545;0.597;0.2;0.3;0.714;1.2;5;6.1;2.7;0.5;0.9;0.6;1.9;9.1
208;Talen Horton-Tucker;SG;22;UTA;44;1;16.1;2.8;6.8;0.413;0.6;2.5;0.252;2.2;4.3;0.508;0.46;1.3;1.7;0.737;0.4;2;2.4;2.7;0.6;0.4;1.2;1.5;7.5
209;Danuel House Jr.;SF;29;PHI;36;2;15.1;1.5;3.3;0.466;0.7;2;0.338;0.9;1.3;0.66;0.568;0.8;1.1;0.7;0.2;1.6;1.8;0.7;0.2;0.2;0.4;1.2;4.5
210;Caleb Houstan;SF;20;ORL;32;2;16.4;1.4;3.5;0.407;1;2.5;0.383;0.5;1;0.469;0.544;0.3;0.4;0.846;0.8;1.5;2.3;0.6;0.2;0.1;0.4;1.4;4.2
211;Trevor Hudgins;PG;23;HOU;2;0;5;0.5;0.5;1;0.5;0.5;1;0;0;0;1.5;1.5;1.5;1;0;0;0;1.5;0;0;0;0;3
212;Kevin Huerter;SG;24;SAC;53;53;30.4;5.4;11.4;0.478;2.6;6.7;0.39;2.8;4.7;0.603;0.593;1.4;1.9;0.713;0.6;2.8;3.4;2.9;1.1;0.3;1.4;2.5;14.8
213;De'Andre Hunter;SF;25;ATL;47;47;32;5.6;12.3;0.456;1.6;4.4;0.361;4;7.9;0.509;0.521;2.9;3.5;0.83;0.6;3.7;4.3;1.4;0.6;0.2;1.3;3;15.7
214;Bones Hyland;PG;22;DEN;42;1;19.5;4.1;10.3;0.399;2.2;5.7;0.378;2;4.6;0.425;0.503;1.7;2;0.866;0.2;1.8;2;3;0.7;0.3;1.6;1.6;12.1
215;Serge Ibaka;C;33;MIL;16;0;11.6;1.6;3.4;0.481;0.4;1.1;0.333;1.3;2.3;0.556;0.537;0.5;0.8;0.615;0.9;1.8;2.8;0.3;0.1;0.4;0.7;1.4;4.1
216;Andre Iguodala;SF;39;GSW;3;0;14;1;1.3;0.75;0.3;0.7;0.5;0.7;0.7;1;0.875;0;0;0;0.3;2;2.3;1.7;0.3;0.3;1.7;1.7;2.3
217;Joe Ingles;SF;35;MIL;23;0;22.2;2.1;5.4;0.384;1.5;4.3;0.354;0.6;1.1;0.5;0.524;0.5;0.6;0.846;0.3;2.3;2.6;3.3;0.5;0.1;1.3;1.5;6.2
218;Brandon Ingram;SF;25;NOP;22;22;32;7.7;16.8;0.461;1.5;3.8;0.398;6.2;13;0.479;0.505;4.8;5.5;0.876;0.5;4.6;5;5.2;0.8;0.5;3.2;2.4;21.8
219;Kyrie Irving;PG;30;TOT;43;43;37;9.8;20.3;0.486;3.3;8.7;0.377;6.6;11.6;0.567;0.567;4;4.5;0.892;1;4.1;5.1;5.4;1;0.8;2.3;2.8;27
219;Kyrie Irving;PG;30;BRK;40;40;37;10;20.5;0.486;3.3;8.7;0.374;6.7;11.8;0.569;0.565;4;4.5;0.883;1;4.2;5.1;5.3;1;0.8;2.3;2.7;27.1
219;Kyrie Irving;PG;30;DAL;3;3;38;8.3;17.3;0.481;3.7;8.7;0.423;4.7;8.7;0.538;0.587;5.3;5.3;1;1.3;3.3;4.7;7.3;1;0.7;2.7;3.3;25.7
220;Jonathan Isaac;PF;25;ORL;9;0;10.6;2;4.8;0.419;0.4;1.3;0.333;1.6;3.4;0.452;0.465;0.6;1;0.556;1.3;2.3;3.7;0.6;1.2;0.3;0.1;0.3;5
221;Jaden Ivey;SG;20;DET;53;52;30.2;5.1;12.3;0.416;1.4;4.2;0.327;3.8;8.2;0.461;0.471;3.5;4.8;0.728;1;3;4;4.6;0.9;0.2;2.8;3.1;15.2
222;Isaiah Jackson;C;21;IND;43;5;15.3;2.7;4.7;0.569;0;0.3;0.182;2.6;4.4;0.592;0.574;1.5;2.2;0.656;1.4;2.5;3.9;0.9;0.4;1.4;0.9;2.2;6.9
223;Jaren Jackson Jr.;C;23;MEM;38;38;27.3;6;11.9;0.502;1.5;4.3;0.346;4.5;7.7;0.589;0.564;3.3;4.2;0.775;1.7;4.9;6.6;0.8;1;3.3;1.6;3.3;16.7
224;Justin Jackson;SF;27;BOS;23;0;4.7;0.3;1.2;0.259;0.2;0.9;0.25;0.1;0.3;0.286;0.352;0;0.1;0.5;0.1;0.7;0.7;0.4;0.2;0.2;0.1;0.3;0.9
225;Quenton Jackson;PG;24;WAS;1;0;3;0;1;0;0;1;0;0;0;0;0;0;0;0;1;0;1;0;0;0;0;0;0
226;Reggie Jackson;PG;32;LAC;52;38;25.7;4.1;9.8;0.418;1.5;4.2;0.35;2.6;5.6;0.469;0.493;1.2;1.3;0.924;0.4;1.8;2.2;3.5;0.7;0.1;1.8;1.8;10.9
227;LeBron James;PF;38;LAL;44;44;36.4;11.6;22.8;0.508;2.2;7;0.315;9.4;15.8;0.593;0.556;4.8;6.3;0.764;1.2;7.3;8.5;7;1;0.5;3.1;1.6;30.2
228;Ty Jerome;SG;25;GSW;34;2;17.9;2.7;5.4;0.503;0.8;2.1;0.4;1.9;3.3;0.566;0.579;0.8;0.9;0.931;0.1;1.5;1.6;2.8;0.5;0.1;0.6;1.5;7
229;Isaiah Joe;SG;23;OKC;47;2;15.6;2.7;5.6;0.472;2.1;4.6;0.458;0.6;1;0.531;0.658;0.8;1;0.822;0.3;1.9;2.2;1.1;0.6;0.1;0.4;1.4;8.2
230;Alize Johnson;PF;26;SAS;4;0;7.5;0.8;1.5;0.5;0;0.5;0;0.8;1;0.75;0.5;0.3;0.5;0.5;0.5;2;2.5;0.3;0.3;0;1;0.8;1.8
231;Cameron Johnson;PF;26;TOT;18;17;25.4;4.8;10.3;0.462;2.6;5.9;0.439;2.2;4.4;0.494;0.589;1.6;2;0.806;0.8;3.2;4;1.6;1;0.3;0.6;1.7;13.8
231;Cameron Johnson;PF;26;PHO;17;16;25.2;4.8;10.2;0.474;2.6;5.8;0.455;2.2;4.4;0.5;0.604;1.6;1.9;0.818;0.8;3;3.8;1.5;0.9;0.4;0.6;1.7;13.9
231;Cameron Johnson;PF;26;BRK;1;1;28;4;13;0.308;2;8;0.25;2;5;0.4;0.385;2;3;0.667;0;7;7;3;3;0;0;1;12
232;Jalen Johnson;SF;21;ATL;53;6;14.6;2;4.3;0.476;0.4;1.5;0.282;1.6;2.8;0.577;0.524;0.8;1.2;0.656;0.8;3.2;4;0.9;0.5;0.4;0.5;1.5;5.2
233;James Johnson;PF;35;IND;12;1;8.2;0.8;2.3;0.37;0.3;0.8;0.3;0.6;1.4;0.412;0.426;0.3;0.3;0.75;0.2;1.2;1.3;0.6;0.3;0.4;0.4;2;2.2
234;Keldon Johnson;SF;23;SAS;50;50;32.5;7.8;17.5;0.445;2.2;6.7;0.328;5.6;10.8;0.518;0.508;4;5.2;0.78;0.8;3.9;4.7;2.6;0.7;0.2;2.1;1.9;21.8
235;Keon Johnson;SG;20;POR;26;0;10.2;1.6;4.3;0.372;0.7;2.1;0.352;0.9;2.3;0.39;0.456;0.3;0.7;0.529;0.3;1;1.3;0.9;0.5;0.2;1;1.1;4.3
236;Stanley Johnson;SF;26;SAS;30;0;15.6;2.2;4.1;0.533;0.6;1.3;0.45;1.6;2.7;0.573;0.607;0.9;1.3;0.667;0.7;2.4;3.2;2.2;0.5;0.2;1.1;1.6;5.8
237;Nikola Joki?;C;27;DEN;49;49;33.6;9.4;15;0.628;0.9;2.2;0.391;8.6;12.8;0.669;0.657;5.2;6.3;0.821;2.1;9.3;11.4;10.1;1.3;0.7;3.6;2.6;24.9
238;Carlik Jones;PG;25;CHI;1;0;1;1;1;1;0;0;0;1;1;1;1;0;0;0;0;0;0;0;0;0;0;0;2
239;Damian Jones;C;27;LAL;22;1;8;0.9;1.7;0.541;0;0.1;0;0.9;1.5;0.588;0.541;0.7;0.9;0.75;0.8;1.7;2.5;0.2;0.1;0.5;0.4;0.8;2.5
240;Derrick Jones Jr.;SF;25;CHI;45;0;15.3;2;3.8;0.509;0.4;1.2;0.333;1.6;2.6;0.588;0.561;1.2;1.5;0.803;1;1.6;2.7;0.6;0.4;0.7;0.4;1.5;5.5
241;Herbert Jones;SF;24;NOP;41;41;28.9;3.4;7.8;0.438;0.8;2.7;0.284;2.7;5.1;0.517;0.486;2.2;2.9;0.748;1.3;2.5;3.8;2.1;1.7;0.7;1.3;3.3;9.8
242;Kai Jones;C;22;CHO;27;0;8.8;1.1;2.2;0.525;0.1;0.4;0.273;1;1.8;0.583;0.551;0.3;0.4;0.667;0.7;1.2;1.9;0.2;0.2;0.4;0.3;1.1;2.7
243;Tre Jones;PG;23;SAS;52;52;29.3;4.9;11.3;0.436;0.7;2.5;0.265;4.3;8.8;0.486;0.466;2.2;2.5;0.891;0.8;2.8;3.6;6.3;1.3;0.2;1.8;1.4;12.8
244;Tyus Jones;PG;26;MEM;55;9;23.5;3.8;8.7;0.433;1.5;3.9;0.379;2.3;4.8;0.477;0.518;1.1;1.3;0.806;0.4;1.9;2.3;4.6;1.1;0.1;1;0.4;10.1
245;DeAndre Jordan;C;34;DEN;34;5;14.6;2.2;2.8;0.771;0;0;1;2.1;2.8;0.768;0.776;0.5;1.2;0.439;1.2;3.7;4.9;0.9;0.2;0.6;1.2;1.9;4.9
246;Cory Joseph;PG;31;DET;38;2;15.8;1.7;4.3;0.387;0.6;1.9;0.315;1.1;2.4;0.444;0.457;0.7;1;0.757;0.3;1.1;1.3;3.3;0.4;0.1;0.7;1.4;4.7
247;Nikola Jovi?;PF;19;MIA;15;8;13.6;1.9;4.6;0.406;0.5;2.3;0.229;1.3;2.3;0.588;0.464;1.2;1.3;0.947;0.6;1.5;2.1;0.7;0.5;0.1;0.7;1.3;5.5
248;Mfiondu Kabengele;PF;25;BOS;2;0;7;0.5;1;0.5;0;0.5;0;0.5;0.5;1;0.5;0;0;0;1.5;1;2.5;0;0;0;0.5;1.5;1
249;Frank Kaminsky;C;29;TOT;27;0;6.5;0.9;1.6;0.568;0.4;0.9;0.478;0.5;0.8;0.667;0.693;0.4;0.4;0.833;0.1;1.2;1.3;0.8;0.2;0;0.3;0.8;2.6
249;Frank Kaminsky;C;29;ATL;26;0;6.8;1;1.7;0.568;0.4;0.9;0.478;0.5;0.8;0.667;0.693;0.4;0.5;0.833;0.1;1.3;1.4;0.8;0.2;0;0.3;0.8;2.7
249;Frank Kaminsky;C;29;HOU;1;0;0;0;0;0;0;0;0;0;0;0;0;0;0;0;0;0;0;0;0;0;0;0;0
250;Trevor Keels;SG;19;NYK;1;0;1;0;1;0;0;1;0;0;0;0;0;0;0;0;0;1;1;0;0;0;0;0;0
251;Luke Kennard;SG;26;LAC;35;11;20.7;2.8;6;0.464;1.7;3.8;0.447;1.1;2.3;0.494;0.604;0.5;0.6;0.95;0.2;2.2;2.4;1.1;0.5;0.1;0.9;1.3;7.8
252;Walker Kessler;C;21;UTA;55;21;21.1;3.6;5;0.715;0;0;0;3.6;5;0.715;0.715;1.1;2;0.541;2.9;4.7;7.6;0.8;0.4;2;0.7;2.2;8.2
253;Braxton Key;SF;25;DET;3;0;3;0.3;0.3;1;0;0;0;0.3;0.3;1;1;0.7;0.7;1;0;0.3;0.3;0;0;0;0;0;1.3
254;Corey Kispert;SF;23;WAS;47;31;27.4;3.3;7;0.474;1.9;4.5;0.413;1.4;2.5;0.586;0.608;1.1;1.2;0.862;0.4;2.3;2.7;1.3;0.6;0.1;0.8;1.3;9.6
255;Maxi Kleber;C;31;DAL;22;0;25.6;2.3;4.7;0.49;1.1;3;0.369;1.2;1.8;0.692;0.606;0.5;0.6;0.786;0.9;2.7;3.5;1;0.3;1;0.6;2.2;6.2
256;Nathan Knight;PF;25;MIN;33;0;8.1;1.3;2.2;0.568;0.2;0.6;0.381;1;1.6;0.642;0.622;1.1;1.5;0.686;0.6;0.9;1.5;0.4;0.3;0.2;0.5;1.1;3.8
257;Kevin Knox;PF;23;DET;42;1;14.1;2;4.3;0.469;1;2.8;0.371;1;1.5;0.651;0.589;0.6;0.8;0.788;0.5;2.1;2.6;0.4;0.3;0.3;0.8;1.8;5.6
258;Christian Koloko;C;22;TOR;45;19;14.6;1.4;2.8;0.488;0;0.2;0.111;1.3;2.6;0.517;0.492;0.8;1.2;0.66;1.6;1.7;3.2;0.5;0.3;1.1;0.4;2.4;3.5
259;John Konchar;SG;26;MEM;47;22;23;2.2;5.2;0.43;1;2.9;0.36;1.2;2.3;0.519;0.531;0.4;0.5;0.87;0.9;3.9;4.8;1.5;1.1;0.3;0.6;1.5;5.9
260;Furkan Korkmaz;SG;25;PHI;25;0;10.2;1.3;3.1;0.41;0.5;1.4;0.343;0.8;1.7;0.465;0.487;0.8;1.2;0.655;0.2;0.9;1.2;0.7;0.2;0.1;0.6;0.4;3.8
261;Luke Kornet;C;27;BOS;48;0;12;1.7;2.4;0.704;0.1;0.2;0.333;1.6;2.2;0.736;0.717;0.6;0.7;0.844;1.3;1.7;3;0.7;0.2;0.8;0.4;1.4;4
262;Vit Krejci;PG;22;ATL;20;0;5.9;0.5;1.4;0.37;0.3;0.9;0.278;0.3;0.5;0.556;0.463;0.1;0.1;0.5;0.1;0.6;0.7;0.6;0.2;0.1;0.2;0.6;1.3
263;Jonathan Kuminga;PF;20;GSW;44;8;19.3;3.2;6.5;0.497;0.7;2;0.322;2.6;4.5;0.577;0.547;1.2;1.8;0.642;0.9;2.2;3.1;1.8;0.5;0.5;1.4;2.3;8.3
264;Kyle Kuzma;PF;27;WAS;51;51;34.9;8.1;17.8;0.453;2.5;7.5;0.332;5.6;10.3;0.541;0.523;2.7;3.7;0.716;0.9;6.6;7.6;4;0.5;0.5;2.9;2.4;21.3
265;Anthony Lamb;SF;25;GSW;42;3;19.3;2.6;5.1;0.505;1.4;3.4;0.401;1.2;1.8;0.703;0.637;0.6;0.9;0.75;0.8;2.5;3.3;1.7;0.5;0.3;1;2.3;7.2
266;Jock Landale;C;27;PHO;49;3;14.4;2.6;5;0.52;0.3;1.5;0.233;2.2;3.5;0.643;0.555;1.3;1.6;0.775;1.7;2.4;4.1;0.9;0.3;0.5;1;1.8;6.8
267;Romeo Langford;SG;23;SAS;32;19;20.2;3.1;6.4;0.49;0.4;1.4;0.283;2.7;4.9;0.551;0.522;0.8;1.2;0.649;1.4;1.4;2.9;1.3;0.5;0.3;0.7;1.7;7.4
268;Jake LaRavia;PF;21;MEM;30;0;12.7;1.1;2.9;0.395;0.7;2.1;0.339;0.4;0.8;0.542;0.517;0.2;0.3;0.778;0.5;1.4;2;0.7;0.4;0.1;0.6;1.6;3.2
269;Zach LaVine;SG;27;CHI;52;52;35.9;8.3;17.8;0.469;2.8;7.5;0.374;5.5;10.3;0.538;0.548;4.4;5.3;0.827;0.5;4.2;4.7;4;1;0.2;2.7;2.3;23.8
270;A.J. Lawson;SG;22;TOT;12;0;4.2;0.8;1.7;0.45;0.4;1.1;0.385;0.3;0.6;0.571;0.575;0.1;0.3;0.333;0.1;0.6;0.7;0.1;0;0;0.1;0.6;2
270;A.J. Lawson;SG;22;MIN;1;0;2;1;1;1;0;0;0;1;1;1;1;0;0;0;0;1;1;0;0;0;0;1;2
270;A.J. Lawson;SG;22;DAL;11;0;4.4;0.7;1.7;0.421;0.5;1.2;0.385;0.3;0.5;0.5;0.553;0.1;0.3;0.333;0.1;0.5;0.6;0.1;0;0;0.1;0.5;2
271;Damion Lee;SG;30;PHO;58;5;22.3;2.9;6.6;0.437;1.7;3.8;0.445;1.2;2.8;0.427;0.564;1.5;1.6;0.904;0.5;2.8;3.3;1.5;0.4;0.1;1.2;1.6;8.9
272;Saben Lee;PG;23;TOT;18;0;15.6;1.8;4.2;0.421;0.4;1;0.389;1.4;3.2;0.431;0.467;1.8;2.4;0.75;0.6;1.3;1.9;2.9;0.8;0.1;1.2;1.4;5.8
272;Saben Lee;PG;23;PHI;2;0;5;1.5;2;0.75;0;0.5;0;1.5;1.5;1;0.75;0;0;0;0;0;0;1;0.5;0;1.5;0.5;3
272;Saben Lee;PG;23;PHO;16;0;16.9;1.8;4.5;0.403;0.4;1.1;0.412;1.4;3.4;0.4;0.451;2.1;2.8;0.75;0.6;1.5;2.1;3.2;0.8;0.1;1.2;1.5;6.1
273;Alex Len;C;29;SAC;13;1;3.5;0.4;0.8;0.5;0;0.1;0;0.4;0.7;0.556;0.5;0.2;0.3;0.75;0.3;0.8;1.2;0.4;0;0;0.3;0.7;1
274;Kawhi Leonard;SF;31;LAC;32;30;32.3;8;16.1;0.498;1.6;4.3;0.368;6.5;11.9;0.545;0.547;4.3;5;0.863;1.3;4.8;6.1;4;1.4;0.5;1.5;1.5;22
275;Caris LeVert;SG;28;CLE;53;26;30.7;4.4;10.7;0.408;1.6;4.4;0.366;2.8;6.3;0.438;0.483;1.9;2.7;0.716;0.7;3.3;4;3.9;0.8;0.2;1.6;2.3;12.3
276;Kira Lewis Jr.;PG;21;NOP;12;0;11;2.2;4.3;0.5;0.6;1.4;0.412;1.6;2.9;0.543;0.567;0.8;0.8;1;0.3;1.7;1.9;1;0.2;0.1;0.6;1.3;5.7
277;Damian Lillard;PG;32;POR;44;44;36.2;9.3;20;0.465;4;11;0.369;5.2;9;0.581;0.566;8.5;9.2;0.919;0.6;3.5;4.1;7.3;0.8;0.3;3.1;2;31
278;Nassir Little;SF;22;POR;35;1;16.4;2.2;4.6;0.475;1;2.5;0.407;1.2;2.2;0.553;0.583;0.5;0.9;0.633;0.5;1.9;2.4;0.8;0.3;0.3;0.6;1;5.9
279;Isaiah Livers;PF;24;DET;35;9;20.9;1.9;4.6;0.407;1.3;3.6;0.368;0.6;1.1;0.541;0.549;0.6;0.8;0.786;0.5;1.9;2.4;0.6;0.5;0.5;0.6;1.9;5.7
280;Kenneth Lofton Jr.;PF;20;MEM;8;0;3.9;0.9;2.3;0.389;0;0.4;0;0.9;1.9;0.467;0.389;0.4;0.6;0.6;0.1;0.5;0.6;0.5;0;0;0.3;0.6;2.1
281;Kevon Looney;C;26;GSW;56;50;23.1;2.8;4.3;0.649;0;0;0;2.8;4.3;0.649;0.649;1.1;1.8;0.614;2.9;5.7;8.6;2.6;0.6;0.6;0.5;2.8;6.6
282;Brook Lopez;C;34;MIL;55;55;30.4;5.5;10.9;0.503;1.8;4.9;0.375;3.7;6;0.607;0.588;1.6;2;0.775;2;4.6;6.6;1.2;0.5;2.5;1.3;2.5;14.4
283;Robin Lopez;C;34;CLE;30;1;7.9;1.2;1.9;0.643;0.1;0.1;0.667;1.1;1.8;0.642;0.661;0.4;0.5;0.75;0.6;0.7;1.3;0.4;0;0.1;0.7;1.1;2.9
284;Kevin Love;PF;34;CLE;41;3;20;2.7;7;0.389;1.7;4.8;0.354;1;2.2;0.467;0.511;1.4;1.5;0.889;1;5.8;6.8;1.9;0.2;0.2;1.1;1.6;8.5
285;Kyle Lowry;PG;36;MIA;44;44;33.3;3.8;9.7;0.396;2;6.1;0.333;1.8;3.6;0.503;0.501;2.3;2.7;0.855;0.9;3.5;4.3;5.3;1.1;0.4;2;2.8;12
286;Trey Lyles;PF;27;SAC;50;0;15.9;2.5;5.2;0.477;1.1;3;0.369;1.4;2.2;0.624;0.583;1.3;1.5;0.818;0.9;2.7;3.5;0.8;0.3;0.5;0.8;1.2;7.3
287;Théo Maledon;PG;21;CHO;36;1;16.1;1.8;4.4;0.414;0.6;1.8;0.333;1.2;2.6;0.468;0.481;1.4;1.6;0.875;0.3;2.1;2.4;2.4;0.8;0.2;1;1;5.6
288;Sandro Mamukelashvili;C;23;MIL;23;0;8.6;0.8;2.3;0.352;0.3;1.2;0.25;0.5;1.1;0.462;0.417;0.4;0.7;0.625;0.7;1.5;2.2;0.7;0.1;0.1;0.4;0.7;2.4
289;Terance Mann;SG;26;LAC;58;33;23.3;3.4;6.6;0.509;0.9;2.4;0.376;2.5;4.2;0.586;0.578;1.1;1.4;0.774;0.9;2.8;3.7;2.1;0.5;0.3;0.9;1.8;8.8
290;Tre Mann;PG;21;OKC;50;4;18.6;3.1;8;0.394;1.3;4.2;0.31;1.8;3.8;0.489;0.476;0.5;0.7;0.694;0.4;1.9;2.3;1.6;0.7;0.2;1;1.6;8.1
291;Boban Marjanovi?;C;34;HOU;17;0;4.2;1.1;1.6;0.667;0;0.1;0;1.1;1.5;0.692;0.667;0.6;0.8;0.786;0.5;1.1;1.5;0.2;0.1;0.1;0.2;0.1;2.8
292;Lauri Markkanen;SF;25;UTA;53;53;34.2;8.4;16.3;0.513;3.1;7.3;0.416;5.3;9;0.591;0.606;5;5.7;0.874;1.8;6.7;8.5;1.8;0.6;0.6;1.8;2.1;24.8
293;Naji Marshall;SF;25;NOP;52;19;25.1;3.5;8.2;0.427;1;3.2;0.317;2.5;4.9;0.498;0.489;1.9;2.5;0.771;0.7;3;3.7;2.5;0.8;0.2;1.3;1.5;9.9
294;Caleb Martin;PF;27;MIA;47;47;30.3;3.8;8.4;0.45;1.4;3.7;0.366;2.4;4.6;0.518;0.532;1.2;1.5;0.786;1.4;3.8;5.2;1.7;1;0.4;1.1;2.2;10.1
295;Cody Martin;SF;27;CHO;7;0;19.1;2;5.1;0.389;0.4;2;0.214;1.6;3.1;0.5;0.431;0.6;1;0.571;1.1;2.3;3.4;1.6;0.6;0.1;0.3;1.9;5
296;Kenyon Martin Jr.;SF;22;HOU;56;23;26.2;4.6;8.1;0.568;0.9;2.7;0.336;3.7;5.4;0.684;0.624;1.5;2.4;0.639;1.5;4.1;5.5;1.5;0.4;0.4;1.2;1.8;11.7
297;Tyrese Martin;SG;23;ATL;13;0;3.5;0.5;1.2;0.375;0.1;0.4;0.2;0.4;0.8;0.455;0.406;0.2;0.2;1;0.2;0.3;0.5;0;0.1;0;0.1;0.2;1.2
298;Garrison Mathews;SG;26;HOU;45;0;13.4;1.3;3.8;0.353;1.2;3.4;0.342;0.2;0.3;0.467;0.509;0.9;1;0.911;0.2;1.2;1.4;0.5;0.5;0.1;0.4;1.2;4.8
299;Bennedict Mathurin;SF;20;IND;58;6;28.2;5.4;12.8;0.424;1.4;4.4;0.316;4;8.4;0.48;0.478;5;6;0.829;1.1;3;4.1;1.4;0.6;0.1;1.8;2.1;17.2
300;Wesley Matthews;SG;36;MIL;37;0;15.6;1;3.1;0.333;0.8;2.5;0.33;0.2;0.6;0.348;0.465;0.4;0.5;0.833;0.8;1.4;2.2;0.5;0.5;0.3;0.4;1.4;3.3
301;Tyrese Maxey;SG;22;PHI;36;22;32.8;7.1;15.7;0.45;2.3;5.9;0.388;4.8;9.8;0.487;0.523;3.3;4.1;0.803;0.4;2.4;2.8;3.6;0.8;0.1;1.5;2.1;19.7
302;Miles McBride;PG;22;NYK;45;2;13;1.2;3.6;0.337;0.7;2.3;0.288;0.6;1.3;0.424;0.429;0.5;0.7;0.7;0.2;0.7;0.9;1.2;0.6;0;0.4;1;3.6
303;CJ McCollum;SG;31;NOP;51;51;35;7.9;18.2;0.434;2.8;7.4;0.385;5.1;10.8;0.468;0.512;2.5;3.1;0.797;0.7;3.6;4.3;5.8;1;0.6;2.6;1.9;21.1
304;T.J. McConnell;PG;30;IND;55;5;19.7;3.4;6.5;0.522;0.3;0.7;0.45;3.1;5.7;0.532;0.548;0.7;0.8;0.848;0.6;2.3;2.9;5;1;0.1;1.7;1.3;7.8
305;Jaden McDaniels;PF;22;MIN;56;56;30.5;4.4;8.6;0.509;1.2;3.2;0.374;3.2;5.4;0.589;0.579;1.2;1.6;0.758;1.3;2.6;3.8;2.1;0.9;1;1.4;3.5;11.2
306;Jalen McDaniels;SF;25;TOT;57;21;26.5;3.9;8.7;0.448;1.2;3.6;0.325;2.8;5.2;0.532;0.514;1.5;1.8;0.846;0.8;4;4.8;2;1.2;0.5;1.4;2.8;10.5
306;Jalen McDaniels;SF;25;CHO;56;21;26.7;3.9;8.8;0.447;1.2;3.6;0.322;2.8;5.2;0.534;0.513;1.6;1.9;0.846;0.8;4;4.8;2;1.2;0.5;1.4;2.8;10.6
306;Jalen McDaniels;SF;25;PHI;1;0;16;2;4;0.5;1;1;1;1;3;0.333;0.625;0;0;0;1;3;4;1;0;0;0;0;5
307;Doug McDermott;SF;31;SAS;50;0;20.4;3.6;8;0.457;1.8;4.4;0.407;1.8;3.5;0.52;0.57;0.8;1;0.745;0.3;1.9;2.2;1.5;0.2;0.1;0.9;1.7;9.8
308;JaVale McGee;C;35;DAL;34;7;8.3;1.8;3;0.602;0;0.1;0.25;1.8;2.9;0.616;0.607;0.5;0.9;0.567;0.8;1.8;2.6;0.3;0.1;0.6;0.9;1.2;4.2
309;Bryce McGowens;SG;20;CHO;24;1;14.1;1.3;3.4;0.39;0.4;1.2;0.321;1;2.3;0.426;0.445;0.8;0.9;0.818;0.4;1.4;1.8;1;0.2;0.2;0.5;0.8;3.8
310;Rodney McGruder;SG;31;DET;21;2;10.3;1;2.7;0.386;0.8;2;0.39;0.3;0.8;0.375;0.526;0.4;0.5;0.727;0.5;0.8;1.3;0.7;0.2;0;0.3;0.7;3.2
311;Jordan McLaughlin;PG;26;MIN;22;0;15.5;1.5;3.5;0.421;0.4;1.8;0.231;1;1.7;0.622;0.48;0.4;0.4;1;0.5;1.1;1.5;3.3;0.8;0.1;0.8;0.5;3.7
312;De'Anthony Melton;PG;24;PHI;52;43;28.5;3.9;9.1;0.427;2.2;5.5;0.401;1.7;3.6;0.468;0.549;0.7;1;0.76;0.9;3.3;4.2;2.7;1.8;0.5;1.4;2.4;10.7
313;Chimezie Metu;C;25;SAC;43;0;10.8;2.1;3.5;0.607;0.2;0.7;0.258;1.9;2.8;0.697;0.633;0.7;0.9;0.811;0.7;2.3;3.1;0.7;0.3;0.3;0.6;1.3;5.1
314;Khris Middleton;SF;31;MIL;16;7;21.2;4.8;11.3;0.42;1.4;4.9;0.291;3.3;6.4;0.52;0.483;2.5;2.7;0.93;0.4;3;3.4;3.9;0.7;0.2;2.1;2.1;13.4
315;Patty Mills;PG;34;BRK;36;1;13.3;2;4.9;0.412;1.2;3.2;0.368;0.9;1.8;0.492;0.531;0.5;0.6;0.905;0.2;0.8;1;1.3;0.4;0.1;0.6;0.8;5.8
316;Shake Milton;SG;26;PHI;51;9;21.8;3.6;7.2;0.495;0.8;2;0.375;2.8;5.2;0.542;0.548;1.5;1.7;0.852;0.5;2.2;2.8;3.1;0.4;0.2;1.3;1.7;9.4
317;Josh Minott;SF;20;MIN;11;0;6.2;1.3;2.5;0.519;0.1;0.4;0.25;1.2;2.1;0.565;0.537;0.5;0.5;1;0.5;1.5;2;0.3;0.3;0.5;0;0.6;3.2
318;Davion Mitchell;PG;24;SAC;55;5;18;2.3;5.1;0.45;0.8;2.4;0.323;1.5;2.7;0.561;0.525;0.4;0.5;0.8;0.2;1.1;1.3;2.1;0.5;0.2;0.8;1.4;5.7
319;Donovan Mitchell;SG;26;CLE;48;48;35.4;9.3;19.6;0.477;3.6;9.3;0.386;5.8;10.3;0.559;0.568;4.6;5.3;0.875;0.9;3.1;4;4.9;1.5;0.4;2.8;2.4;26.9
320;Evan Mobley;PF;21;CLE;57;57;34.1;6.4;11.6;0.554;0.2;1.2;0.209;6.2;10.4;0.593;0.565;2.5;3.6;0.696;2.4;6.5;8.9;2.7;0.8;1.4;2;2.8;15.6
321;Isaiah Mobley;PF;23;CLE;9;0;2.9;0.4;0.9;0.5;0.1;0.2;0.5;0.3;0.7;0.5;0.563;0;0;0;0.1;1.1;1.2;0;0.1;0;0;0.2;1
322;Chima Moneke;SF;27;SAC;2;0;4;0.5;1;0.5;0;0;0;0.5;1;0.5;0.5;0;1;0;1;0;1;0.5;0;0;1;1;1
323;Malik Monk;SG;24;SAC;54;0;22.6;4.7;10.6;0.443;1.7;5.1;0.328;3.1;5.6;0.548;0.522;2.3;2.6;0.913;0.5;2.1;2.6;3.9;0.7;0.2;2;1.6;13.4
324;Moses Moody;SG;20;GSW;42;3;14.4;1.7;3.9;0.448;0.9;2.4;0.353;0.9;1.5;0.607;0.558;0.6;0.9;0.703;0.5;1.2;1.7;0.9;0.3;0.1;0.6;0.9;5
325;Wendell Moore Jr.;SG;21;MIN;24;2;5.8;0.6;1.5;0.405;0.1;0.7;0.125;0.5;0.9;0.619;0.432;0.2;0.2;0.8;0.1;0.6;0.7;0.7;0.3;0.2;0.3;0.5;1.5
326;Ja Morant;PG;23;MEM;46;46;32.7;9.8;20.8;0.47;1.7;5.2;0.332;8;15.5;0.517;0.512;6.3;8.4;0.747;1.2;4.7;5.9;8.3;1;0.3;3.6;1.8;27.5
327;Marcus Morris;PF;33;LAC;51;51;29;4.7;10.8;0.433;2;5.2;0.383;2.7;5.6;0.479;0.525;1.3;1.6;0.78;0.5;3.9;4.3;1.8;0.6;0.4;0.9;2.2;12.6
328;Markieff Morris;PF;33;BRK;27;1;10.6;1.2;3;0.402;0.7;1.8;0.408;0.5;1.2;0.394;0.524;0.4;0.4;1;0.5;1.7;2.2;0.9;0.3;0.2;0.5;1.2;3.6
329;Monte Morris;PG;27;WAS;47;47;28.3;4.1;8.4;0.482;1.3;3.4;0.394;2.7;5;0.542;0.562;1.1;1.4;0.803;0.4;3;3.4;5.4;0.7;0.2;1;1.4;10.6
330;Trey Murphy III;SF;22;NOP;54;44;29.5;4.6;9.3;0.491;2.2;5.6;0.403;2.3;3.7;0.622;0.612;1.8;2;0.915;0.8;2.9;3.7;1.3;1;0.5;0.7;2.1;13.1
331;Dejounte Murray;SG;26;ATL;52;52;36.5;8.4;18.2;0.463;2.1;5.7;0.368;6.3;12.5;0.507;0.521;2.1;2.5;0.832;0.7;4.8;5.5;6.2;1.6;0.3;2.3;1.5;21
332;Jamal Murray;PG;25;DEN;45;45;32.5;7.4;16;0.461;2.4;6.1;0.396;5;9.9;0.501;0.536;3.1;3.7;0.833;0.8;3.4;4.1;5.8;1;0.2;2.1;1.3;20.2
333;Keegan Murray;SF;22;SAC;54;52;29.7;4.3;9.6;0.444;2.5;6;0.417;1.8;3.6;0.49;0.574;0.9;1.2;0.794;1.1;3.5;4.6;1;0.7;0.5;0.9;1.9;12
334;Mike Muscala;C;31;TOT;44;5;14.5;2.1;4.8;0.441;1.4;3.4;0.4;0.8;1.4;0.541;0.583;0.7;0.9;0.795;0.5;2.6;3.1;0.9;0.3;0.5;0.3;1.6;6.3
334;Mike Muscala;C;31;OKC;43;5;14.5;2.1;4.7;0.438;1.3;3.3;0.394;0.8;1.4;0.541;0.576;0.7;0.9;0.795;0.5;2.6;3.1;0.9;0.3;0.4;0.3;1.6;6.2
334;Mike Muscala;C;31;BOS;1;0;16;4;8;0.5;4;8;0.5;0;0;0;0.75;0;0;0;0;1;1;2;0;1;0;1;12
335;Svi Mykhailiuk;SF;25;NYK;13;0;3.1;0.5;0.9;0.5;0.5;0.8;0.6;0;0.2;0;0.75;0.2;0.4;0.6;0;0.5;0.5;0.1;0.1;0;0.2;0.1;1.6
336;Larry Nance Jr.;PF;30;NOP;47;1;22.7;3.4;5.5;0.619;0.3;0.8;0.361;3.1;4.7;0.661;0.644;1;1.5;0.681;1.8;4.2;6;1.9;0.9;0.7;0.8;2.2;8
337;Andrew Nembhard;SG;23;IND;51;40;27.3;3.3;7.8;0.422;1.2;3.5;0.343;2.1;4.2;0.488;0.5;0.5;0.6;0.867;0.5;2.3;2.8;4.2;1;0.2;1.8;2.6;8.3
338;Aaron Nesmith;SF;23;IND;51;39;24.3;3.2;7.9;0.405;1.4;4.2;0.343;1.8;3.8;0.474;0.495;1.6;1.8;0.87;0.8;2.8;3.6;1.2;0.8;0.4;0.9;3.4;9.4
339;Raul Neto;PG;30;CLE;38;1;10.3;1.1;2.2;0.518;0.3;0.9;0.314;0.8;1.3;0.667;0.584;0.6;0.6;0.913;0.2;0.8;0.9;1.4;0.4;0.1;0.4;0.9;3.1
340;Georges Niang;PF;29;PHI;53;0;20;3.1;7;0.449;2.2;5.4;0.412;0.9;1.6;0.57;0.607;0.5;0.6;0.875;0.3;2.2;2.5;1.2;0.4;0.2;0.7;1.8;9
341;Daishen Nix;PG;20;HOU;41;5;15.5;1.2;3.5;0.345;0.7;2.3;0.309;0.5;1.2;0.412;0.445;0.5;0.8;0.71;0.3;1.4;1.7;2.5;0.6;0.1;1.4;1;3.7
342;Zeke Nnaji;PF;22;DEN;44;5;13.3;2;3.5;0.572;0.3;1;0.289;1.7;2.4;0.692;0.615;0.8;1.2;0.667;1.3;1;2.3;0.3;0.3;0.4;0.5;1.8;5.1
343;Nerlens Noel;C;28;DET;14;3;10.9;0.9;2.1;0.4;0.1;0.1;0.5;0.8;2;0.393;0.417;0.5;0.7;0.7;0.5;2.1;2.6;0.5;0.9;0.6;0.6;1.8;2.3
344;Jaylen Nowell;SG;23;MIN;59;2;19.9;4.4;9.8;0.45;1.1;3.7;0.297;3.3;6.1;0.543;0.506;1.3;1.6;0.779;0.5;2.1;2.7;2.1;0.7;0.1;1;1.5;11.2
345;Frank Ntilikina;PG;24;DAL;34;2;11.6;0.9;2.6;0.352;0.3;1.4;0.217;0.6;1.2;0.5;0.409;0.4;0.5;0.667;0.1;1.1;1.3;1.1;0.2;0.1;0.7;1.4;2.5
346;Kendrick Nunn;SG-PG;27;TOT;47;2;14.3;2.8;6.7;0.414;1.1;3.3;0.327;1.7;3.4;0.497;0.494;0.5;0.6;0.852;0.2;1.3;1.6;1.2;0.4;0.1;0.9;1;7.1
346;Kendrick Nunn;SG;27;LAL;39;2;13.5;2.6;6.4;0.406;1.1;3.2;0.325;1.6;3.2;0.488;0.488;0.4;0.5;0.81;0.1;1.3;1.4;0.9;0.3;0.1;0.8;0.9;6.7
346;Kendrick Nunn;PG;27;WAS;8;0;18.3;3.5;7.9;0.444;1.1;3.4;0.333;2.4;4.5;0.528;0.516;0.8;0.8;1;0.8;1.6;2.4;2.6;0.8;0;1.5;1.4;8.9
347;Jusuf Nurki?;C;28;POR;45;45;27.3;5.2;9.8;0.524;0.9;2.2;0.39;4.3;7.6;0.563;0.568;2.6;3.8;0.686;2.3;7.2;9.4;2.9;0.9;0.9;2.4;3.6;13.8
348;Jordan Nwora;SF;24;MIL;38;3;15.7;2;5.2;0.386;1.1;2.7;0.392;0.9;2.5;0.379;0.487;1;1.1;0.86;0.8;2.3;3.1;1;0.3;0.2;0.9;0.9;6
349;Royce O'Neale;SF;29;BRK;53;52;33.8;3.2;8.2;0.393;2.2;5.6;0.398;1;2.5;0.381;0.53;0.6;0.8;0.714;0.7;4.1;4.8;4;0.9;0.7;1.6;3.1;9.2
350;Chuma Okeke;SF;24;ORL;18;7;21.8;1.8;4.8;0.368;1;3.3;0.3;0.8;1.5;0.519;0.471;0.9;1.2;0.762;1.2;3.1;4.2;1.4;0.6;0.5;0.5;1.9;5.4
351;Josh Okogie;SG;24;PHO;48;2;13.9;1.8;4.5;0.398;0.6;1.9;0.311;1.2;2.6;0.46;0.463;1.5;2.1;0.706;1.5;1.6;3.1;1.2;0.7;0.5;0.8;1.5;5.7
352;Onyeka Okongwu;C;22;ATL;55;17;24.1;3.9;6.1;0.639;0;0.1;0.2;3.9;6;0.645;0.64;1.5;2;0.741;2.7;4.7;7.4;1;0.6;1.3;1;3.2;9.3
353;Isaac Okoro;SF;22;CLE;59;29;21;2.3;4.6;0.493;0.8;2.2;0.349;1.5;2.5;0.621;0.575;1;1.4;0.735;0.7;1.9;2.6;1.1;0.7;0.4;0.6;1.9;6.4
354;KZ Okpala;PF;23;SAC;35;3;7.1;0.5;1.1;0.421;0.2;0.6;0.333;0.3;0.5;0.529;0.513;0.2;0.2;0.875;0.2;0.8;1;0.4;0.2;0.2;0.2;1.1;1.3
355;Victor Oladipo;SG;30;MIA;26;1;28.4;4;10;0.404;1.4;4.8;0.296;2.6;5.2;0.504;0.475;1.7;2.2;0.754;0.5;3;3.5;3.9;1.7;0.2;1.8;2.4;11.2
356;Kelly Olynyk;C;31;UTA;46;46;27.9;3.9;8.1;0.488;1.4;3.5;0.389;2.6;4.5;0.565;0.573;2.4;2.9;0.841;1.2;3.8;5;3.3;1;0.6;2.2;3.8;11.7
357;Eugene Omoruyi;SF;25;OKC;22;2;12;2;4.1;0.473;0.4;1.4;0.267;1.6;2.8;0.574;0.516;0.6;1;0.609;1;1.3;2.3;0.5;0.6;0;0.7;2;4.9
358;Cedi Osman;SF;27;CLE;57;0;21.2;3.3;7.2;0.456;1.4;4.1;0.346;1.9;3.1;0.598;0.554;1;1.5;0.675;0.3;1.9;2.2;1.6;0.5;0.1;0.7;1.6;8.9
359;Kelly Oubre Jr.;SF;27;CHO;35;30;32.6;7.5;17.8;0.421;2.3;7.4;0.308;5.2;10.4;0.503;0.486;2.9;4;0.714;1.5;3.6;5.1;1.2;1.6;0.4;1.3;3;20.2
360;Chris Paul;PG;37;PHO;37;37;31.8;4.8;11.1;0.428;1.6;4.2;0.382;3.1;6.9;0.457;0.501;2.7;3.2;0.839;0.4;3.9;4.2;8.7;1.5;0.5;2;2.3;13.8
361;Cameron Payne;PG;28;PHO;28;14;24;4.5;11;0.412;1.7;4.5;0.378;2.8;6.5;0.436;0.49;1.4;1.8;0.776;0.3;2;2.3;5.3;0.9;0.2;2;2;12.1
362;Gary Payton II;PG;30;POR;15;1;17;1.6;2.7;0.585;0.6;1.1;0.529;1;1.6;0.625;0.695;0.3;0.3;1;0.7;1.9;2.6;1.5;1.1;0.1;0.8;1.9;4.1
363;Theo Pinson;SG;27;DAL;30;0;6.4;0.6;1.6;0.375;0.4;1.2;0.371;0.2;0.4;0.385;0.51;0.3;0.4;0.818;0.2;0.9;1.2;0.8;0.1;0;0.3;0.5;1.9
364;Scotty Pippen Jr.;PG;22;LAL;6;0;5.3;0.7;2;0.333;0.2;0.5;0.333;0.5;1.5;0.333;0.375;0.8;1.5;0.556;0.3;0.3;0.7;0.3;0.3;0.2;0.3;0.5;2.3
365;Mason Plumlee;C;32;CHO;56;56;28.5;4.7;7.1;0.669;0;0;0;4.7;7.1;0.669;0.669;2.8;4.6;0.605;3.3;6.3;9.7;3.7;0.6;0.6;1.6;2.9;12.2
366;Jakob Poeltl;C;27;TOT;47;46;25.9;5.1;8.3;0.618;0;0;0;5.1;8.3;0.62;0.618;1.7;2.9;0.588;3.3;5.7;8.9;3;0.8;1.1;2.1;2.6;12
366;Jakob Poeltl;C;27;SAS;46;46;26.1;5.2;8.4;0.616;0;0;0;5.2;8.4;0.618;0.616;1.7;2.8;0.605;3.3;5.7;9;3.1;0.8;1.1;2.1;2.6;12.1
366;Jakob Poeltl;C;27;TOR;1;0;17;2;2;1;0;0;0;2;2;1;1;2;7;0.286;1;3;4;2;0;0;3;5;6
367;Aleksej Pokusevski;PF;21;OKC;31;25;21.8;3.5;7.8;0.44;1.2;3.3;0.376;2.2;4.6;0.486;0.519;0.7;1.1;0.636;1.5;3.6;5.1;2;0.6;1.3;1.3;1.8;8.8
368;Jordan Poole;PG;23;GSW;56;33;30.6;7.1;16.2;0.439;2.7;8;0.334;4.5;8.3;0.541;0.521;4;4.7;0.866;0.4;2.4;2.8;4.5;0.8;0.3;3.4;2.7;20.9
369;Kevin Porter Jr.;PG;22;HOU;40;40;34;6.7;15.4;0.437;2.2;6.4;0.346;4.5;9;0.501;0.509;3.5;4.6;0.766;1.4;4.1;5.5;5.6;1.3;0.4;3.6;2.7;19.2
370;Michael Porter Jr.;SF;24;DEN;40;40;29.2;6.2;12.9;0.478;2.8;7;0.404;3.3;5.9;0.566;0.587;1.6;2;0.797;0.9;4.4;5.4;1.1;0.7;0.5;1.1;2.3;16.7
371;Otto Porter Jr.;SF;29;TOR;8;2;18.3;1.9;3.8;0.5;0.8;2.1;0.353;1.1;1.6;0.692;0.6;1;1;1;0.8;1.6;2.4;1;1.4;0;0.5;0.9;5.5
372;Bobby Portis;PF;27;MIL;47;14;26.8;6;12;0.499;1.2;3.6;0.341;4.7;8.4;0.567;0.551;1.2;1.5;0.829;2.6;7.5;10.1;1.8;0.5;0.2;1.3;1.7;14.4
373;Kristaps Porzi??is;C;27;WAS;47;47;32.6;7.4;15.3;0.48;2;5.6;0.368;5.3;9.8;0.543;0.546;5.9;7;0.838;1.9;6.7;8.7;2.5;0.9;1.6;2.1;3.1;22.6
374;Micah Potter;PF;24;UTA;3;0;4.7;0.7;0.7;1;0;0;0;0.7;0.7;1;1;0;0;0;0.3;0.7;1;0.7;0;0;0;0.7;1.3
375;Dwight Powell;C;31;DAL;53;41;19.8;2.5;3.5;0.718;0;0.1;0;2.5;3.5;0.73;0.718;1.7;2.4;0.711;2.1;2.2;4.2;0.8;0.6;0.4;0.9;2.9;6.8
376;Norman Powell;SG;29;LAC;49;7;25.8;5.6;11.6;0.483;2;4.8;0.414;3.6;6.7;0.533;0.57;3.7;4.6;0.804;0.4;2.7;3.1;1.8;0.8;0.3;1.7;2;16.9
377;Jason Preston;PG;23;LAC;13;0;9.4;1.4;3.2;0.439;0.4;1.4;0.278;1;1.8;0.565;0.5;0;0.2;0;0.2;1.5;1.7;2.1;0.2;0;0.8;0.5;3.2
378;Joshua Primo;SG;20;SAS;4;0;23.3;2.3;6.5;0.346;0.8;3;0.25;1.5;3.5;0.429;0.404;1.8;2.3;0.778;0.5;2.8;3.3;4.5;0.3;0.5;2.8;2;7
379;Taurean Prince;SF;28;MIN;35;1;21.2;3.2;6.5;0.493;1.4;3.4;0.4;1.8;3.1;0.598;0.599;0.9;1;0.833;0.3;2.1;2.4;1.6;0.5;0.4;1.3;2.4;8.6
380;Payton Pritchard;PG;25;BOS;40;2;12.6;1.8;4.5;0.4;0.9;2.7;0.33;0.9;1.8;0.507;0.5;0.2;0.3;0.667;0.5;1;1.5;1.1;0.3;0;0.8;0.8;4.7
381;Trevelin Queen;SG;25;IND;7;0;10;1;4.1;0.241;0.3;2.1;0.133;0.7;2;0.357;0.276;0.7;0.7;1;1.1;1.3;2.4;0.9;0.3;0.7;1;0.6;3
382;Neemias Queta;C;23;SAC;4;0;6.3;1.5;2;0.75;0;0;0;1.5;2;0.75;0.75;0;0.5;0;1;1.3;2.3;0.3;0;0.3;0.3;1.8;3
383;Immanuel Quickley;PG;23;NYK;57;10;27.8;4.4;10.2;0.436;1.7;4.9;0.349;2.7;5.3;0.517;0.52;2;2.5;0.823;0.7;3.3;4;3.2;0.9;0.1;1.1;2.1;12.6
384;Julius Randle;PF;28;NYK;58;58;35.9;8.4;18.2;0.46;2.7;8;0.339;5.7;10.3;0.555;0.534;5.4;7.1;0.753;2.2;8.6;10.8;4.2;0.7;0.3;2.9;3.1;24.9
385;Austin Reaves;SG;24;LAL;39;12;28.1;3.4;7;0.489;1.3;3.4;0.371;2.2;3.6;0.6;0.579;2.5;2.9;0.884;0.6;2.4;3;2.2;0.5;0.4;1.4;1.7;10.6
386;Cam Reddish;SF;23;TOT;21;9;21.7;3.1;6.8;0.455;0.9;2.9;0.311;2.2;3.9;0.561;0.521;1.4;1.6;0.882;0.3;1.2;1.6;1;0.7;0.4;0.7;1.7;8.5
386;Cam Reddish;SF;23;NYK;20;8;21.9;3.1;6.8;0.449;0.9;2.8;0.304;2.2;4;0.55;0.511;1.5;1.7;0.879;0.4;1.2;1.6;1;0.8;0.4;0.8;1.6;8.4
386;Cam Reddish;SF;23;POR;1;1;17;4;7;0.571;2;5;0.4;2;2;1;0.714;1;1;1;0;2;2;2;0;0;0;3;11
387;Davon Reed;SG;27;DEN;35;1;9;0.7;2.3;0.313;0.5;1.3;0.364;0.3;1;0.25;0.413;0.4;0.6;0.75;0.3;1.3;1.6;0.5;0.4;0.1;0.6;1;2.3
388;Paul Reed;C;23;PHI;42;0;9.4;1.3;2.3;0.573;0;0.1;0;1.3;2.2;0.598;0.573;0.4;0.5;0.75;1.2;2;3.2;0.3;0.6;0.5;0.5;1.8;3
389;Naz Reid;C;23;MIN;51;10;17.9;4.1;7.7;0.536;1;2.9;0.338;3.1;4.8;0.656;0.599;1;1.6;0.663;1.2;3.6;4.8;1;0.6;0.9;1.3;2.5;10.3
390;Jared Rhoden;SG;23;DET;1;0;12;1;3;0.333;0;1;0;1;2;0.5;0.333;0;0;0;0;1;1;0;0;0;0;3;2
391;Nick Richards;C;25;CHO;43;0;17.2;3.1;4.9;0.626;0;0;0;3.1;4.9;0.626;0.626;2;2.7;0.724;2.5;3.2;5.7;0.5;0.2;0.9;0.9;2.3;8.1
392;Josh Richardson;SG;29;SAS;42;6;23.7;4.2;9.7;0.436;1.8;4.9;0.357;2.5;4.7;0.518;0.527;1.3;1.4;0.883;0.7;2.1;2.8;3.3;1;0.3;1.5;1.7;11.5
393;Austin Rivers;SG;30;MIN;44;10;21.1;2;4.3;0.46;0.9;2.5;0.367;1;1.8;0.59;0.567;0.7;0.8;0.857;0.1;1.7;1.8;1.6;0.6;0.1;0.5;1.7;5.5
394;Duncan Robinson;SF;28;MIA;28;0;17.9;2.3;6.2;0.368;1.6;5;0.331;0.6;1.3;0.514;0.5;0.7;0.8;0.909;0.3;1.7;1.9;1.2;0.3;0;0.7;2;6.9
395;Mitchell Robinson;C;24;NYK;38;37;26.9;3.1;4.6;0.674;0;0;0;3.1;4.6;0.674;0.674;1;2;0.506;4.3;4.6;8.9;1;0.9;1.8;0.5;2.9;7.2
396;Orlando Robinson;C;22;MIA;27;1;14.1;1.6;3;0.531;0;0.2;0;1.6;2.8;0.566;0.531;0.8;1.1;0.724;1.5;2.6;4.1;0.8;0.4;0.4;0.6;1.9;4
397;Jeremiah Robinson-Earl;PF;22;OKC;26;18;21.1;3.3;6.7;0.489;1.1;2.9;0.382;2.2;3.8;0.571;0.572;0.8;1.1;0.786;2;3;5;1;0.7;0.4;0.6;1.9;8.5
398;Isaiah Roby;PF;24;SAS;41;2;11.4;1.6;3.8;0.432;0.4;1.5;0.3;1.2;2.3;0.516;0.49;0.5;1;0.488;0.5;2.1;2.6;0.9;0.4;0.2;0.8;1.3;4.2
399;David Roddy;PF;21;MEM;46;1;17.8;2.4;5.8;0.419;0.8;2.9;0.293;1.6;2.9;0.545;0.492;0.7;1;0.625;0.7;2;2.7;0.7;0.5;0.3;0.9;1.5;6.3
400;Ryan Rollins;PG;20;GSW;12;0;5.2;0.6;1.7;0.35;0.3;0.8;0.333;0.3;0.9;0.364;0.425;0.5;0.5;1;0.3;0.8;1;0.5;0.1;0.1;1.3;0.8;1.9
401;Derrick Rose;PG;34;NYK;26;0;12.9;2.3;6;0.394;0.7;2.3;0.317;1.6;3.7;0.442;0.455;0.4;0.5;0.917;0.3;1.2;1.5;1.8;0.3;0.2;0.8;0.7;5.8
402;Terrence Ross;SG;31;ORL;42;9;22.5;3.1;7.1;0.431;1.5;3.8;0.381;1.6;3.3;0.489;0.533;0.4;0.5;0.75;0.2;1.8;2;1.3;0.6;0.2;0.9;1.3;8
403;Terry Rozier;SG;28;CHO;48;48;35.7;8;19.3;0.415;2.7;8.1;0.331;5.3;11.2;0.477;0.485;2.9;3.5;0.822;1;3.3;4.3;4.9;1.1;0.2;2.1;1.8;21.6
404;Ricky Rubio;PG;32;CLE;13;0;16.3;1.9;5.8;0.329;1;3.5;0.289;0.9;2.4;0.387;0.414;0.6;0.9;0.667;0.2;2.3;2.5;3.9;1;0.2;0.8;1.5;5.5
405;D'Angelo Russell;PG;26;TOT;55;55;33;6.3;13.4;0.465;2.7;6.9;0.39;3.5;6.5;0.546;0.566;2.6;3.1;0.853;0.5;2.6;3.1;6.2;1.1;0.4;2.7;2.1;17.9
405;D'Angelo Russell;PG;26;MIN;54;54;32.9;6.3;13.5;0.465;2.7;7;0.391;3.5;6.4;0.546;0.567;2.6;3.1;0.856;0.5;2.5;3.1;6.2;1.1;0.4;2.7;2.2;17.9
405;D'Angelo Russell;PG;26;LAL;1;1;35;6;12;0.5;1;3;0.333;5;9;0.556;0.542;2;3;0.667;1;4;5;6;0;0;3;1;15
406;Matt Ryan;SF;25;TOT;32;0;9.5;1.3;3.3;0.374;1;2.6;0.386;0.3;0.8;0.333;0.523;0.3;0.4;0.833;0.1;0.7;0.8;0.5;0.2;0;0.2;0.8;3.8
406;Matt Ryan;SF;25;LAL;12;0;10.8;1.3;4.1;0.306;1.1;2.9;0.371;0.2;1.2;0.143;0.439;0.3;0.4;0.8;0.2;1;1.2;0.3;0.2;0;0.3;1.2;3.9
406;Matt Ryan;SF;25;MIN;20;0;8.7;1.3;2.9;0.431;1;2.4;0.396;0.3;0.5;0.6;0.595;0.3;0.4;0.857;0.1;0.5;0.6;0.6;0.2;0.1;0.2;0.7;3.8
407;Domantas Sabonis;C;26;SAC;54;54;34.6;7.1;11.6;0.611;0.4;1.2;0.354;6.6;10.4;0.641;0.63;4.1;5.5;0.756;2.9;9.3;12.2;6.9;0.8;0.5;2.9;3.7;18.7
408;Dario ari?;PF;28;PHO;37;12;14.4;2.1;4.8;0.427;0.7;1.9;0.391;1.3;2.9;0.45;0.503;1;1.2;0.818;1.1;2.8;3.8;1.5;0.4;0.1;1;1.9;5.8
409;Jordan Schakel;SF;24;WAS;2;0;3;0.5;1;0.5;0.5;0.5;1;0;0.5;0;0.75;0;0;0;0;0;0;0.5;0.5;0;0;0.5;1.5
410;Admiral Schofield;PF;25;ORL;27;0;13;1.6;3.4;0.478;0.7;2;0.333;1;1.4;0.684;0.576;0.6;0.7;0.895;0.7;1.2;1.9;0.9;0.2;0.1;0.2;1.9;4.6
411;Dennis Schröder;PG;29;LAL;43;40;30.9;4.1;9.7;0.423;1.2;3.6;0.346;2.9;6.2;0.468;0.487;3.2;3.7;0.879;0.3;2.4;2.7;4.2;0.7;0.1;1.6;2.3;12.7
412;Dereon Seabron;SG;22;NOP;4;0;2;0.5;1;0.5;0;0;0;0.5;1;0.5;0.5;0;0;0;0.3;0;0.3;0;0;0;0;0.3;1
413;Alperen Þengün;C;20;HOU;51;48;28.3;6;10.5;0.567;0.2;0.7;0.333;5.7;9.8;0.584;0.578;3.1;4.2;0.751;3.1;5.6;8.7;3.7;0.8;1;2.5;3.4;15.3
414;Collin Sexton;SG;24;UTA;45;13;24.4;5;9.7;0.509;1.1;2.6;0.417;3.9;7.2;0.542;0.564;3.5;4.3;0.823;0.8;1.5;2.3;2.8;0.6;0.1;1.8;2.4;14.5
415;Landry Shamet;SG;25;PHO;30;7;21.4;3.1;8.1;0.38;2;5.4;0.377;1;2.7;0.388;0.506;1.4;1.5;0.911;0.3;1.4;1.7;2.2;0.6;0.2;1;1.5;9.5
416;Day'Ron Sharpe;C;21;BRK;31;2;10.1;1.6;3.1;0.521;0.1;0.2;0.667;1.5;2.9;0.511;0.542;0.5;0.7;0.652;1.6;2.1;3.7;0.7;0.2;0.5;0.8;1.8;3.8
417;Shaedon Sharpe;SG;19;POR;55;5;20.1;3.1;6.5;0.474;0.9;2.7;0.347;2.1;3.8;0.565;0.546;0.5;0.8;0.652;0.8;1.7;2.5;0.6;0.3;0.3;0.7;1.6;7.7
418;Pascal Siakam;C;28;TOR;47;47;37.6;9;18.9;0.477;1.4;4.1;0.34;7.6;14.8;0.516;0.515;5.7;7.4;0.769;1.9;6;7.9;6.1;0.8;0.5;2.6;3.5;25.2
419;Chris Silva;PF;26;DAL;1;0;3;1;1;1;0;0;0;1;1;1;1;0;0;0;0;0;0;0;0;0;1;2;2
420;Ben Simmons;PG;26;BRK;40;33;26.8;3.3;5.8;0.567;0;0.1;0;3.3;5.7;0.572;0.567;0.6;1.4;0.439;1;5.4;6.4;6.3;1.4;0.6;2.4;3.3;7.2
421;Marko Simonovic;C;23;CHI;2;0;1.5;0;0.5;0;0;0.5;0;0;0;0;0;0;0;0;0;0;0;0;0;0;0;0;0
422;Anfernee Simons;SG;23;POR;54;54;35.9;7.7;17;0.452;3.6;9.4;0.381;4.1;7.6;0.539;0.557;2.6;2.9;0.91;0.3;2.4;2.7;4.2;0.7;0.2;2.2;2.4;21.6
423;Jericho Sims;C;24;NYK;45;14;16;1.7;2.2;0.772;0;0;0;1.7;2.2;0.78;0.772;0.3;0.4;0.75;2;2.8;4.8;0.5;0.3;0.6;0.5;1.9;3.7
424;Marcus Smart;PG;28;BOS;41;41;32.4;4;9.5;0.422;1.8;5.3;0.333;2.2;4.1;0.535;0.515;1.4;1.8;0.767;0.7;2.7;3.4;7.2;1.3;0.4;2.4;2.7;11.1
425;Dennis Smith Jr.;PG;25;CHO;36;11;24.9;3.4;8;0.424;0.4;1.9;0.221;3;6.1;0.486;0.45;1.1;1.5;0.709;0.4;2.4;2.8;4.4;1.3;0.4;1.5;2.2;8.3
426;Dru Smith;SG;25;TOT;7;1;13.1;1.1;2.9;0.4;0.3;1.3;0.222;0.9;1.6;0.545;0.45;0;0;0;0.1;2;2.1;1.3;1;0.4;0.3;1.9;2.6
426;Dru Smith;SG;25;MIA;5;1;13.4;1;2.8;0.357;0.2;1.2;0.167;0.8;1.6;0.5;0.393;0;0;0;0.2;1.6;1.8;1;0.8;0.6;0.2;2;2.2
426;Dru Smith;SG;25;BRK;2;0;12.5;1.5;3;0.5;0.5;1.5;0.333;1;1.5;0.667;0.583;0;0;0;0;3;3;2;1.5;0;0.5;1.5;3.5
427;Ish Smith;PG;34;DEN;28;0;9.9;1.3;3.1;0.414;0.1;0.2;0.333;1.2;2.9;0.42;0.425;0;0.1;0.5;0.1;1.1;1.3;2.2;0.2;0.2;1.1;0.9;2.7
428;Jabari Smith Jr.;PF;19;HOU;53;53;29.8;4.2;10.8;0.392;1.6;5.3;0.301;2.6;5.5;0.479;0.466;1.9;2.4;0.787;1.2;5.7;6.9;1.2;0.5;1;1.4;3;12
429;Jalen Smith;PF;22;IND;50;28;18.4;3.4;7.5;0.46;0.8;3;0.273;2.6;4.5;0.585;0.515;1.5;2;0.76;1.8;3.9;5.6;1;0.3;0.8;1.1;2.1;9.2
430;Jeremy Sochan;PF;19;SAS;46;43;25.7;4.1;8.9;0.457;0.6;2.3;0.269;3.5;6.7;0.521;0.491;1.3;1.9;0.686;1.7;3.3;4.9;2.5;0.8;0.4;1.7;2.5;10.1
431;Jaden Springer;SG;20;PHI;7;0;3.7;1;1.7;0.583;0;0;0;1;1.7;0.583;0.583;0.4;0.6;0.75;0.6;0.4;1;0.1;0.3;0.3;0.1;1;2.4
432;Lamar Stevens;PF;25;CLE;41;18;17.9;2.1;4.5;0.462;0.5;1.5;0.311;1.6;3;0.536;0.513;0.6;0.9;0.694;0.6;2.4;3;0.5;0.4;0.3;0.5;1.3;5.3
433;Isaiah Stewart;C;21;DET;46;43;28.3;3.9;9;0.436;1.2;4.1;0.303;2.7;4.9;0.546;0.505;2.2;3;0.736;2.4;5.8;8.2;1.4;0.4;0.7;1.4;2.7;11.3
434;Max Strus;SF;26;MIA;55;25;29.8;4.3;10.7;0.402;2.6;7.5;0.342;1.7;3.2;0.543;0.522;1.1;1.2;0.897;0.7;2.9;3.5;2.2;0.7;0.2;1;2.1;12.3
435;Jalen Suggs;PG;21;ORL;32;14;22.8;3.3;7.8;0.422;1.1;3.7;0.305;2.2;4.1;0.527;0.494;1.5;2.2;0.676;0.8;1.9;2.7;3.5;1.3;0.5;1.9;2.4;9.2
436;Edmond Sumner;SG;27;BRK;46;12;14.5;2.5;5.3;0.459;0.6;1.8;0.346;1.8;3.6;0.515;0.516;1.9;2.1;0.926;0.2;1.3;1.6;1.4;0.7;0.2;1;1.7;7.4
437;Cole Swider;SF;23;LAL;6;0;6.7;0.5;1.5;0.333;0.5;1.3;0.375;0;0.2;0;0.5;0;0;0;0.2;1;1.2;0.7;0;0;0;0.5;1.5
438;Jae'Sean Tate;SF;27;HOU;18;3;20.9;3.1;6.9;0.44;0.4;1.3;0.304;2.7;5.7;0.471;0.468;1.1;1.7;0.667;1.7;2.3;4.1;2.7;0.6;0.2;1.6;3.3;7.6
439;Jayson Tatum;PF;24;BOS;53;53;37.3;10;21.5;0.465;3.3;9.3;0.356;6.7;12.2;0.548;0.542;7.5;8.6;0.867;1.1;7.5;8.6;4.5;1;0.8;2.9;2.2;30.8
440;Terry Taylor;PF;23;IND;26;2;8.8;1.2;2.5;0.462;0.2;0.7;0.222;1;1.8;0.553;0.492;0.2;0.3;0.714;0.8;0.7;1.5;0.4;0.1;0.2;0.3;0.9;2.7
441;Garrett Temple;SG;36;NOP;18;0;7.2;0.8;1.9;0.429;0.5;1.2;0.429;0.3;0.8;0.429;0.557;0.2;0.2;0.75;0.1;0.5;0.6;0.6;0.5;0.1;0.2;0.8;2.3
442;Dalen Terry;SG;20;CHI;20;0;3.2;0.4;0.9;0.389;0.1;0.3;0.2;0.3;0.7;0.462;0.417;0.2;0.3;0.5;0.1;0.3;0.4;0.4;0.1;0.2;0.2;0.3;0.9
443;Daniel Theis;C;30;IND;5;0;14.2;2.6;4.8;0.542;0.2;1;0.2;2.4;3.8;0.632;0.563;0.6;1.6;0.375;0.2;2.2;2.4;0.6;0;0.6;0.4;0.8;6
444;Cam Thomas;SG;21;BRK;39;3;16.4;3.6;7.7;0.46;0.8;2.1;0.398;2.7;5.6;0.484;0.515;2.7;3.3;0.843;0.2;1.5;1.7;1.5;0.4;0.1;1.1;1;10.7
445;Klay Thompson;SG;32;GSW;44;44;32.8;7.7;18.4;0.418;4.2;10.6;0.398;3.5;7.8;0.446;0.533;1.8;2;0.897;0.7;3.3;3.9;2.4;0.7;0.4;1.7;2.1;21.4
446;JT Thor;PF;20;CHO;45;0;10.9;1;2.6;0.368;0.3;1.3;0.237;0.6;1.3;0.5;0.427;0.4;0.6;0.621;0.5;1.2;1.7;0.4;0.2;0.2;0.5;0.8;2.6
447;Matisse Thybulle;SG;25;PHI;49;6;12.1;1;2.4;0.431;0.4;1.3;0.333;0.6;1.1;0.547;0.522;0.2;0.2;0.75;0.4;0.9;1.3;0.5;0.9;0.3;0.2;1.3;2.7
448;Xavier Tillman Sr.;PF;24;MEM;36;7;14.5;2.2;3.6;0.605;0.1;0.3;0.3;2.1;3.3;0.63;0.616;0.7;1.4;0.5;1.8;2.1;3.9;1.1;0.8;0.3;0.6;1.1;5.1
449;Isaiah Todd;PF;21;WAS;4;0;3.3;0.3;1;0.25;0;0.8;0;0.3;0.3;1;0.25;0;0;0;0;0;0;0;0;0;0;0;0.5
450;Obi Toppin;PF;24;NYK;43;0;14.9;2.3;5.7;0.414;1.2;3.3;0.35;1.2;2.3;0.505;0.516;0.5;0.7;0.742;0.5;2.7;3.2;0.9;0.3;0.1;0.5;1;6.4
451;Juan Toscano-Anderson;SF;29;LAL;30;7;12.2;1.1;2.2;0.5;0.1;0.7;0.2;1;1.5;0.63;0.53;0.4;0.5;0.733;0.5;1.6;2;0.8;0.3;0.2;0.6;1.5;2.7
452;Karl-Anthony Towns;PF;27;MIN;21;21;33.8;7.3;14.4;0.505;1.8;5.6;0.325;5.5;8.9;0.618;0.568;4.4;5;0.885;1.7;6.5;8.2;5.3;0.8;0.7;3.1;3.9;20.8
453;Gary Trent Jr.;SG;24;TOR;50;40;33.6;6.5;14.8;0.442;2.6;7.2;0.369;3.9;7.6;0.512;0.532;2.9;3.5;0.834;0.4;2.2;2.6;1.6;1.7;0.3;0.9;1.7;18.6
454;P.J. Tucker;PF;37;PHI;53;53;26.2;1.2;2.9;0.418;0.7;1.7;0.389;0.5;1.2;0.46;0.533;0.3;0.3;0.889;1.3;2.7;4;0.8;0.5;0.2;0.7;2.5;3.4
455;Myles Turner;C;26;IND;49;49;29.7;6.2;11.6;0.539;1.6;4.1;0.387;4.7;7.5;0.621;0.607;3.5;4.5;0.781;1.6;6.4;7.9;1.3;0.6;2.3;1.6;3.3;17.6
456;Jonas Valan?i?nas;C;30;NOP;56;56;24.6;5.7;10.6;0.539;0.6;1.6;0.344;5.2;9;0.574;0.566;2.4;3;0.825;2.9;6.8;9.8;1.6;0.3;0.5;1.9;3.1;14.5
457;Jarred Vanderbilt;PF;23;TOT;53;41;24;3.4;6;0.56;0.4;1.1;0.333;3;4.9;0.609;0.59;1.3;2;0.663;2.3;5.5;7.9;2.8;1;0.3;1.3;2.5;8.4
457;Jarred Vanderbilt;PF;23;UTA;52;41;24.1;3.3;6;0.556;0.4;1.1;0.333;3;4.9;0.606;0.587;1.3;2;0.657;2.3;5.5;7.9;2.7;1;0.3;1.3;2.6;8.3
457;Jarred Vanderbilt;PF;23;LAL;1;0;17;5;7;0.714;0;0;0;5;7;0.714;0.714;2;2;1;2;6;8;4;1;0;0;1;12
458;Fred VanVleet;PG;28;TOR;48;48;37;6.4;16.2;0.394;2.9;8.6;0.341;3.5;7.6;0.455;0.485;3.9;4.3;0.898;0.5;3.9;4.4;6.4;1.6;0.6;1.9;2.9;19.6
459;Devin Vassell;SG;22;SAS;29;24;31.3;7.1;16;0.445;2.8;7;0.404;4.3;9;0.477;0.533;2.4;3;0.793;0.2;3.8;4;3.6;1.2;0.4;1.6;1.4;19.4
460;Gabe Vincent;PG;26;MIA;43;9;25.9;3.4;8.5;0.398;1.7;5.2;0.324;1.7;3.2;0.518;0.499;1.2;1.3;0.877;0.4;1.9;2.3;2.6;0.9;0.1;1.5;2.4;9.6
461;Noah Vonleh;C;27;BOS;23;1;7.4;0.5;1;0.458;0;0.2;0.25;0.4;0.9;0.5;0.479;0.1;0.1;1;0.8;1.3;2.1;0.3;0.1;0.3;0.5;1.5;1.1
462;Nikola Vu?evi?;C;32;CHI;56;56;34;7.3;14.1;0.521;1.6;4.7;0.351;5.7;9.4;0.605;0.579;1.5;1.9;0.827;2.1;9.4;11.4;3.4;0.7;0.8;1.7;2.2;17.9
463;Dean Wade;PF;26;CLE;29;9;22.7;2;4.4;0.45;1.2;3.1;0.396;0.8;1.3;0.579;0.589;0.5;0.8;0.652;0.6;3.2;3.8;1;0.7;0.4;0.4;2.4;5.8
464;Franz Wagner;SF;21;ORL;56;56;33.2;7;14.4;0.482;1.6;4.5;0.36;5.3;9.9;0.538;0.538;3.5;4.3;0.832;0.9;3.1;4;3.5;0.9;0.2;2.1;2.3;19.1
465;Moritz Wagner;C;25;ORL;36;14;21.3;3.8;7.6;0.5;1.1;3.2;0.328;2.7;4.3;0.628;0.57;3;3.4;0.863;1.4;3.4;4.9;1.7;0.7;0.2;1.2;2.8;11.6
466;Ish Wainright;SF;28;PHO;40;1;15.7;1.5;3.9;0.391;1;2.9;0.348;0.5;1;0.512;0.519;0.4;0.5;0.81;0.9;1.3;2.2;1.1;0.9;0.3;0.5;2.1;4.5
467;Jabari Walker;SF;20;POR;36;0;8.5;1;2.3;0.444;0.1;0.6;0.238;0.9;1.7;0.517;0.475;0.5;0.7;0.72;0.8;1.3;2.1;0.5;0.1;0.1;0.3;1;2.6
468;Kemba Walker;PG;32;DAL;9;1;16;2.7;6.3;0.421;0.8;3.1;0.25;1.9;3.2;0.586;0.482;1.9;2.3;0.81;0.3;1.4;1.8;2.1;0.2;0.2;0.4;1.2;8
469;Lonnie Walker IV;SG;24;LAL;40;32;27.6;4.9;10.8;0.455;1.8;4.9;0.369;3.1;6;0.525;0.538;1.9;2.1;0.882;0.3;1.8;2.2;1.4;0.7;0.3;0.9;1.6;13.5
470;John Wall;PG;32;LAC;34;3;22.2;4.1;9.9;0.408;1;3.2;0.303;3.1;6.7;0.459;0.457;2.3;3.3;0.681;0.4;2.3;2.7;5.2;0.8;0.4;2.4;1.7;11.4
471;T.J. Warren;PF;29;BRK;26;0;18.8;3.9;7.7;0.51;0.6;1.8;0.333;3.3;5.8;0.566;0.55;1;1.3;0.818;0.5;2.3;2.8;1.1;0.6;0.3;0.7;1.7;9.5
472;Duane Washington Jr.;SG;22;PHO;31;3;12.7;3;8.3;0.367;1.3;3.6;0.36;1.7;4.7;0.372;0.445;0.5;0.8;0.667;0.1;1.1;1.2;2;0.2;0.1;1.1;0.7;7.9
473;P.J. Washington;PF;24;CHO;57;57;32.8;5.6;12.9;0.436;1.9;5.7;0.339;3.7;7.2;0.512;0.511;1.8;2.3;0.763;1;3.5;4.6;2.4;0.9;1.1;1.4;2.7;15
474;TyTy Washington Jr.;PG;21;HOU;21;0;12;1.7;4.5;0.368;0.3;2.1;0.159;1.3;2.4;0.549;0.405;0.3;0.5;0.545;0.1;1.2;1.3;1.4;0.4;0;0.4;1.1;4
475;Yuta Watanabe;SF;28;BRK;42;0;18.3;2.4;4.5;0.518;1.2;2.6;0.481;1.1;2;0.566;0.654;0.6;0.9;0.73;0.6;2;2.6;0.9;0.5;0.4;0.4;1.5;6.6
476;Lindy Waters III;SG;25;OKC;21;0;11;1.4;3.5;0.392;1.2;3.2;0.368;0.2;0.3;0.667;0.561;0.2;0.3;0.714;0.3;1.2;1.6;0.8;0.3;0.3;0.2;1;4.2
477;Trendon Watford;PF;22;POR;40;2;16.2;2.1;3.6;0.573;0.4;0.8;0.452;1.7;2.8;0.607;0.622;1;1.4;0.759;0.6;2.7;3.3;1.7;0.4;0.2;1;1.8;5.5
478;Peyton Watson;SG;20;DEN;11;0;3.4;0.8;1.5;0.529;0.1;0.2;0.5;0.7;1.4;0.533;0.559;0;0.2;0;0.3;0.5;0.7;0.1;0;0.1;0.2;0.2;1.7
479;Blake Wesley;SG;19;SAS;13;1;12.3;1.6;4;0.404;0.5;1.2;0.467;1.1;2.8;0.378;0.471;0.3;0.6;0.5;0.2;1.2;1.3;1.3;0.2;0.1;1.4;1.6;4.1
480;Russell Westbrook;PG;34;LAL;52;3;28.7;5.8;14;0.417;1.2;4.1;0.296;4.6;9.9;0.467;0.46;3;4.6;0.655;1.1;5;6.2;7.5;1;0.4;3.5;2.3;15.9
481;Coby White;SG;22;CHI;48;0;21.7;3;7.3;0.406;1.6;4.5;0.35;1.4;2.8;0.496;0.514;0.9;1.1;0.824;0.2;2.4;2.6;2;0.7;0.1;0.8;1.7;8.4
482;Derrick White;SG;28;BOS;56;48;27.3;3.9;8.4;0.459;1.7;4.4;0.391;2.1;4;0.533;0.561;1.8;2.1;0.864;0.5;2.8;3.3;3.6;0.7;0.9;1;2.2;11.3
483;Jack White;SF;25;DEN;13;0;3.2;0.4;1.1;0.357;0.1;0.5;0.167;0.3;0.6;0.5;0.393;0.1;0.1;1;0.2;0.3;0.5;0;0.1;0.2;0.1;0.5;0.9
484;Joe Wieskamp;SF;23;TOR;2;0;8.5;1.5;2.5;0.6;1.5;2;0.75;0;0.5;0;0.9;0;0;0;0;0;0;0.5;0;0;0.5;0;4.5
485;Aaron Wiggins;SG;24;OKC;44;12;18.7;2.5;5;0.5;0.7;1.8;0.397;1.8;3.2;0.556;0.57;0.8;1;0.814;1;2.2;3.3;1.4;0.5;0.2;0.8;1.7;6.5
486;Andrew Wiggins;SF;27;GSW;36;36;32;6.6;14.1;0.469;2.4;6.1;0.393;4.2;8;0.528;0.554;1.2;1.9;0.6;1.6;3.3;5;2.3;1.3;0.8;1.3;2.9;16.8
487;Alondes Williams;SG;23;BRK;1;0;5;0;0;0;0;0;0;0;0;0;0;0;0;0;0;1;1;0;0;0;2;1;0
488;Grant Williams;PF;24;BOS;55;20;27.7;2.9;6.3;0.468;1.5;3.7;0.416;1.4;2.6;0.542;0.59;1.3;1.5;0.843;1.1;3.6;4.7;1.7;0.7;0.4;1.1;2.6;8.7
489;Jalen Williams;SG;21;OKC;51;38;29;4.8;9.6;0.502;0.8;2.7;0.314;4;6.9;0.575;0.546;1.5;2;0.75;0.8;3.2;4.1;2.9;1.2;0.5;1.6;2.5;12
490;Jaylin Williams;PF;20;OKC;23;10;15.3;2;4.1;0.495;0.7;1.4;0.5;1.3;2.7;0.492;0.579;0.6;0.9;0.667;0.9;3.3;4.2;1.4;0.3;0.1;0.7;1.8;5.4
491;Kenrich Williams;PF;28;OKC;47;10;22.4;3.3;6.3;0.52;1;2.6;0.383;2.3;3.7;0.614;0.598;0.3;0.7;0.438;1.8;3.1;4.9;2;0.8;0.3;0.5;2;7.8
492;Mark Williams;C;21;CHO;27;2;14.9;2.9;4.4;0.642;0;0;0;2.9;4.4;0.642;0.642;1.4;2;0.709;1.7;3.8;5.4;0.3;0.7;1;0.7;2;7.1
493;Patrick Williams;PF;21;CHI;56;55;29;3.8;8.3;0.46;1.4;3.5;0.402;2.4;4.8;0.502;0.544;1.1;1.2;0.897;0.9;3.5;4.4;1.3;0.8;0.8;1.3;2;10.1
494;Robert Williams;C;25;BOS;21;12;23.7;3.8;5;0.762;0;0;0;3.8;5;0.762;0.762;0.7;1.1;0.652;3.1;5.6;8.8;1.7;0.5;1.2;1;1.8;8.3
495;Vince Williams Jr.;SG;22;MEM;9;0;5.4;0.3;1.4;0.231;0.1;1;0.111;0.2;0.4;0.5;0.269;0;0;0;0.2;0.6;0.8;0.3;0.4;0.1;0.1;0.7;0.8
496;Ziaire Williams;SF;21;MEM;28;3;17.4;2.4;5.7;0.421;0.7;2.9;0.247;1.7;2.8;0.603;0.484;0.5;0.6;0.765;0.4;2.1;2.5;0.9;0.4;0.2;1;1.8;6
497;Zion Williamson;PF;22;NOP;29;29;33;9.8;16.2;0.608;0.2;0.7;0.368;9.6;15.5;0.618;0.615;6.1;8.6;0.714;2;5;7;4.6;1.1;0.6;3.4;2.2;26
498;Justise Winslow;SF;26;POR;29;11;26.8;2.8;6.8;0.409;0.5;1.6;0.311;2.3;5.3;0.438;0.444;0.7;1;0.714;1.7;3.3;5;3.4;1;0.4;1.5;3.1;6.8
499;James Wiseman;C;21;GSW;21;0;12.5;2.8;4.5;0.628;0;0.1;0.5;2.8;4.4;0.63;0.633;1.2;1.8;0.684;0.9;2.6;3.5;0.7;0.1;0.3;0.7;1.9;6.9
500;Christian Wood;C;27;DAL;46;17;27.9;6.4;12.2;0.529;1.7;4.6;0.381;4.7;7.6;0.617;0.6;3;4.1;0.743;1.4;6.8;8.1;1.7;0.5;1.2;2;2.8;17.6
501;Delon Wright;PG;30;WAS;26;2;22.1;2.1;5.1;0.417;0.7;2.3;0.288;1.5;2.8;0.521;0.481;1.1;1.2;0.903;0.9;2.2;3.1;3.7;1.9;0.3;0.8;1.4;6
502;McKinley Wright IV;PG;24;DAL;19;1;10.2;1;2.4;0.422;0.1;0.6;0.167;0.9;1.7;0.515;0.444;0.3;0.5;0.6;0.3;1.1;1.4;1.7;0.4;0.2;0.6;0.9;2.4
503;Thaddeus Young;PF;34;TOR;45;9;16.1;2.2;4;0.562;0.1;0.6;0.172;2.1;3.3;0.638;0.576;0.4;0.6;0.692;1.4;1.9;3.4;1.5;1.1;0.1;0.8;1.8;5
504;Trae Young;PG;24;ATL;50;50;35.5;8.5;19.8;0.431;2.2;6.7;0.327;6.4;13.2;0.483;0.486;7.7;8.6;0.887;0.7;2.3;3;10.2;1;0.2;4.2;1.5;26.9
505;Ivica Zubac;C;25;LAC;57;57;29.4;4;6.4;0.617;0;0;0;4;6.4;0.621;0.617;2.2;3.2;0.702;3.3;6.9;10.2;1;0.4;1.3;1.7;2.9;10.2
